[
{
    "model": "auth.permission",
    "pk": 1,
    "fields": {
        "name": "Can add log entry",
        "content_type": 1,
        "codename": "add_logentry"
    }
},
{
    "model": "auth.permission",
    "pk": 2,
    "fields": {
        "name": "Can change log entry",
        "content_type": 1,
        "codename": "change_logentry"
    }
},
{
    "model": "auth.permission",
    "pk": 3,
    "fields": {
        "name": "Can delete log entry",
        "content_type": 1,
        "codename": "delete_logentry"
    }
},
{
    "model": "auth.permission",
    "pk": 4,
    "fields": {
        "name": "Can view log entry",
        "content_type": 1,
        "codename": "view_logentry"
    }
},
{
    "model": "auth.permission",
    "pk": 5,
    "fields": {
        "name": "Can add permission",
        "content_type": 2,
        "codename": "add_permission"
    }
},
{
    "model": "auth.permission",
    "pk": 6,
    "fields": {
        "name": "Can change permission",
        "content_type": 2,
        "codename": "change_permission"
    }
},
{
    "model": "auth.permission",
    "pk": 7,
    "fields": {
        "name": "Can delete permission",
        "content_type": 2,
        "codename": "delete_permission"
    }
},
{
    "model": "auth.permission",
    "pk": 8,
    "fields": {
        "name": "Can view permission",
        "content_type": 2,
        "codename": "view_permission"
    }
},
{
    "model": "auth.permission",
    "pk": 9,
    "fields": {
        "name": "Can add group",
        "content_type": 3,
        "codename": "add_group"
    }
},
{
    "model": "auth.permission",
    "pk": 10,
    "fields": {
        "name": "Can change group",
        "content_type": 3,
        "codename": "change_group"
    }
},
{
    "model": "auth.permission",
    "pk": 11,
    "fields": {
        "name": "Can delete group",
        "content_type": 3,
        "codename": "delete_group"
    }
},
{
    "model": "auth.permission",
    "pk": 12,
    "fields": {
        "name": "Can view group",
        "content_type": 3,
        "codename": "view_group"
    }
},
{
    "model": "auth.permission",
    "pk": 13,
    "fields": {
        "name": "Can add user",
        "content_type": 4,
        "codename": "add_user"
    }
},
{
    "model": "auth.permission",
    "pk": 14,
    "fields": {
        "name": "Can change user",
        "content_type": 4,
        "codename": "change_user"
    }
},
{
    "model": "auth.permission",
    "pk": 15,
    "fields": {
        "name": "Can delete user",
        "content_type": 4,
        "codename": "delete_user"
    }
},
{
    "model": "auth.permission",
    "pk": 16,
    "fields": {
        "name": "Can view user",
        "content_type": 4,
        "codename": "view_user"
    }
},
{
    "model": "auth.permission",
    "pk": 17,
    "fields": {
        "name": "Can add content type",
        "content_type": 5,
        "codename": "add_contenttype"
    }
},
{
    "model": "auth.permission",
    "pk": 18,
    "fields": {
        "name": "Can change content type",
        "content_type": 5,
        "codename": "change_contenttype"
    }
},
{
    "model": "auth.permission",
    "pk": 19,
    "fields": {
        "name": "Can delete content type",
        "content_type": 5,
        "codename": "delete_contenttype"
    }
},
{
    "model": "auth.permission",
    "pk": 20,
    "fields": {
        "name": "Can view content type",
        "content_type": 5,
        "codename": "view_contenttype"
    }
},
{
    "model": "auth.permission",
    "pk": 21,
    "fields": {
        "name": "Can add session",
        "content_type": 6,
        "codename": "add_session"
    }
},
{
    "model": "auth.permission",
    "pk": 22,
    "fields": {
        "name": "Can change session",
        "content_type": 6,
        "codename": "change_session"
    }
},
{
    "model": "auth.permission",
    "pk": 23,
    "fields": {
        "name": "Can delete session",
        "content_type": 6,
        "codename": "delete_session"
    }
},
{
    "model": "auth.permission",
    "pk": 24,
    "fields": {
        "name": "Can view session",
        "content_type": 6,
        "codename": "view_session"
    }
},
{
    "model": "auth.permission",
    "pk": 25,
    "fields": {
        "name": "Can add administrador",
        "content_type": 7,
        "codename": "add_administrador"
    }
},
{
    "model": "auth.permission",
    "pk": 26,
    "fields": {
        "name": "Can change administrador",
        "content_type": 7,
        "codename": "change_administrador"
    }
},
{
    "model": "auth.permission",
    "pk": 27,
    "fields": {
        "name": "Can delete administrador",
        "content_type": 7,
        "codename": "delete_administrador"
    }
},
{
    "model": "auth.permission",
    "pk": 28,
    "fields": {
        "name": "Can view administrador",
        "content_type": 7,
        "codename": "view_administrador"
    }
},
{
    "model": "auth.permission",
    "pk": 29,
    "fields": {
        "name": "Can add participante",
        "content_type": 8,
        "codename": "add_participante"
    }
},
{
    "model": "auth.permission",
    "pk": 30,
    "fields": {
        "name": "Can change participante",
        "content_type": 8,
        "codename": "change_participante"
    }
},
{
    "model": "auth.permission",
    "pk": 31,
    "fields": {
        "name": "Can delete participante",
        "content_type": 8,
        "codename": "delete_participante"
    }
},
{
    "model": "auth.permission",
    "pk": 32,
    "fields": {
        "name": "Can view participante",
        "content_type": 8,
        "codename": "view_participante"
    }
},
{
    "model": "auth.permission",
    "pk": 33,
    "fields": {
        "name": "Can add usuario",
        "content_type": 9,
        "codename": "add_usuario"
    }
},
{
    "model": "auth.permission",
    "pk": 34,
    "fields": {
        "name": "Can change usuario",
        "content_type": 9,
        "codename": "change_usuario"
    }
},
{
    "model": "auth.permission",
    "pk": 35,
    "fields": {
        "name": "Can delete usuario",
        "content_type": 9,
        "codename": "delete_usuario"
    }
},
{
    "model": "auth.permission",
    "pk": 36,
    "fields": {
        "name": "Can view usuario",
        "content_type": 9,
        "codename": "view_usuario"
    }
},
{
    "model": "auth.permission",
    "pk": 37,
    "fields": {
        "name": "Can add concurso",
        "content_type": 10,
        "codename": "add_concurso"
    }
},
{
    "model": "auth.permission",
    "pk": 38,
    "fields": {
        "name": "Can change concurso",
        "content_type": 10,
        "codename": "change_concurso"
    }
},
{
    "model": "auth.permission",
    "pk": 39,
    "fields": {
        "name": "Can delete concurso",
        "content_type": 10,
        "codename": "delete_concurso"
    }
},
{
    "model": "auth.permission",
    "pk": 40,
    "fields": {
        "name": "Can view concurso",
        "content_type": 10,
        "codename": "view_concurso"
    }
},
{
    "model": "auth.permission",
    "pk": 41,
    "fields": {
        "name": "Can add asigna",
        "content_type": 11,
        "codename": "add_asigna"
    }
},
{
    "model": "auth.permission",
    "pk": 42,
    "fields": {
        "name": "Can change asigna",
        "content_type": 11,
        "codename": "change_asigna"
    }
},
{
    "model": "auth.permission",
    "pk": 43,
    "fields": {
        "name": "Can delete asigna",
        "content_type": 11,
        "codename": "delete_asigna"
    }
},
{
    "model": "auth.permission",
    "pk": 44,
    "fields": {
        "name": "Can view asigna",
        "content_type": 11,
        "codename": "view_asigna"
    }
},
{
    "model": "auth.permission",
    "pk": 45,
    "fields": {
        "name": "Can add jurado",
        "content_type": 12,
        "codename": "add_jurado"
    }
},
{
    "model": "auth.permission",
    "pk": 46,
    "fields": {
        "name": "Can change jurado",
        "content_type": 12,
        "codename": "change_jurado"
    }
},
{
    "model": "auth.permission",
    "pk": 47,
    "fields": {
        "name": "Can delete jurado",
        "content_type": 12,
        "codename": "delete_jurado"
    }
},
{
    "model": "auth.permission",
    "pk": 48,
    "fields": {
        "name": "Can view jurado",
        "content_type": 12,
        "codename": "view_jurado"
    }
},
{
    "model": "auth.permission",
    "pk": 49,
    "fields": {
        "name": "Can add evaluacion",
        "content_type": 13,
        "codename": "add_evaluacion"
    }
},
{
    "model": "auth.permission",
    "pk": 50,
    "fields": {
        "name": "Can change evaluacion",
        "content_type": 13,
        "codename": "change_evaluacion"
    }
},
{
    "model": "auth.permission",
    "pk": 51,
    "fields": {
        "name": "Can delete evaluacion",
        "content_type": 13,
        "codename": "delete_evaluacion"
    }
},
{
    "model": "auth.permission",
    "pk": 52,
    "fields": {
        "name": "Can view evaluacion",
        "content_type": 13,
        "codename": "view_evaluacion"
    }
},
{
    "model": "auth.permission",
    "pk": 53,
    "fields": {
        "name": "Can add notificacion",
        "content_type": 14,
        "codename": "add_notificacion"
    }
},
{
    "model": "auth.permission",
    "pk": 54,
    "fields": {
        "name": "Can change notificacion",
        "content_type": 14,
        "codename": "change_notificacion"
    }
},
{
    "model": "auth.permission",
    "pk": 55,
    "fields": {
        "name": "Can delete notificacion",
        "content_type": 14,
        "codename": "delete_notificacion"
    }
},
{
    "model": "auth.permission",
    "pk": 56,
    "fields": {
        "name": "Can view notificacion",
        "content_type": 14,
        "codename": "view_notificacion"
    }
},
{
    "model": "auth.permission",
    "pk": 57,
    "fields": {
        "name": "Can add inscribe",
        "content_type": 15,
        "codename": "add_inscribe"
    }
},
{
    "model": "auth.permission",
    "pk": 58,
    "fields": {
        "name": "Can change inscribe",
        "content_type": 15,
        "codename": "change_inscribe"
    }
},
{
    "model": "auth.permission",
    "pk": 59,
    "fields": {
        "name": "Can delete inscribe",
        "content_type": 15,
        "codename": "delete_inscribe"
    }
},
{
    "model": "auth.permission",
    "pk": 60,
    "fields": {
        "name": "Can view inscribe",
        "content_type": 15,
        "codename": "view_inscribe"
    }
},
{
    "model": "auth.permission",
    "pk": 61,
    "fields": {
        "name": "Can add trabajo",
        "content_type": 16,
        "codename": "add_trabajo"
    }
},
{
    "model": "auth.permission",
    "pk": 62,
    "fields": {
        "name": "Can change trabajo",
        "content_type": 16,
        "codename": "change_trabajo"
    }
},
{
    "model": "auth.permission",
    "pk": 63,
    "fields": {
        "name": "Can delete trabajo",
        "content_type": 16,
        "codename": "delete_trabajo"
    }
},
{
    "model": "auth.permission",
    "pk": 64,
    "fields": {
        "name": "Can view trabajo",
        "content_type": 16,
        "codename": "view_trabajo"
    }
},
{
    "model": "auth.permission",
    "pk": 65,
    "fields": {
        "name": "Can add recibe",
        "content_type": 17,
        "codename": "add_recibe"
    }
},
{
    "model": "auth.permission",
    "pk": 66,
    "fields": {
        "name": "Can change recibe",
        "content_type": 17,
        "codename": "change_recibe"
    }
},
{
    "model": "auth.permission",
    "pk": 67,
    "fields": {
        "name": "Can delete recibe",
        "content_type": 17,
        "codename": "delete_recibe"
    }
},
{
    "model": "auth.permission",
    "pk": 68,
    "fields": {
        "name": "Can view recibe",
        "content_type": 17,
        "codename": "view_recibe"
    }
},
{
    "model": "auth.permission",
    "pk": 69,
    "fields": {
        "name": "Can add perfil",
        "content_type": 18,
        "codename": "add_perfil"
    }
},
{
    "model": "auth.permission",
    "pk": 70,
    "fields": {
        "name": "Can change perfil",
        "content_type": 18,
        "codename": "change_perfil"
    }
},
{
    "model": "auth.permission",
    "pk": 71,
    "fields": {
        "name": "Can delete perfil",
        "content_type": 18,
        "codename": "delete_perfil"
    }
},
{
    "model": "auth.permission",
    "pk": 72,
    "fields": {
        "name": "Can view perfil",
        "content_type": 18,
        "codename": "view_perfil"
    }
},
{
    "model": "contenttypes.contenttype",
    "pk": 1,
    "fields": {
        "app_label": "admin",
        "model": "logentry"
    }
},
{
    "model": "contenttypes.contenttype",
    "pk": 2,
    "fields": {
        "app_label": "auth",
        "model": "permission"
    }
},
{
    "model": "contenttypes.contenttype",
    "pk": 3,
    "fields": {
        "app_label": "auth",
        "model": "group"
    }
},
{
    "model": "contenttypes.contenttype",
    "pk": 4,
    "fields": {
        "app_label": "auth",
        "model": "user"
    }
},
{
    "model": "contenttypes.contenttype",
    "pk": 5,
    "fields": {
        "app_label": "contenttypes",
        "model": "contenttype"
    }
},
{
    "model": "contenttypes.contenttype",
    "pk": 6,
    "fields": {
        "app_label": "sessions",
        "model": "session"
    }
},
{
    "model": "contenttypes.contenttype",
    "pk": 7,
    "fields": {
        "app_label": "Concursos_Online",
        "model": "administrador"
    }
},
{
    "model": "contenttypes.contenttype",
    "pk": 8,
    "fields": {
        "app_label": "Concursos_Online",
        "model": "participante"
    }
},
{
    "model": "contenttypes.contenttype",
    "pk": 9,
    "fields": {
        "app_label": "Concursos_Online",
        "model": "usuario"
    }
},
{
    "model": "contenttypes.contenttype",
    "pk": 10,
    "fields": {
        "app_label": "Concursos_Online",
        "model": "concurso"
    }
},
{
    "model": "contenttypes.contenttype",
    "pk": 11,
    "fields": {
        "app_label": "Concursos_Online",
        "model": "asigna"
    }
},
{
    "model": "contenttypes.contenttype",
    "pk": 12,
    "fields": {
        "app_label": "Concursos_Online",
        "model": "jurado"
    }
},
{
    "model": "contenttypes.contenttype",
    "pk": 13,
    "fields": {
        "app_label": "Concursos_Online",
        "model": "evaluacion"
    }
},
{
    "model": "contenttypes.contenttype",
    "pk": 14,
    "fields": {
        "app_label": "Concursos_Online",
        "model": "notificacion"
    }
},
{
    "model": "contenttypes.contenttype",
    "pk": 15,
    "fields": {
        "app_label": "Concursos_Online",
        "model": "inscribe"
    }
},
{
    "model": "contenttypes.contenttype",
    "pk": 16,
    "fields": {
        "app_label": "Concursos_Online",
        "model": "trabajo"
    }
},
{
    "model": "contenttypes.contenttype",
    "pk": 17,
    "fields": {
        "app_label": "Concursos_Online",
        "model": "recibe"
    }
},
{
    "model": "contenttypes.contenttype",
    "pk": 18,
    "fields": {
        "app_label": "Concursos_Online",
        "model": "perfil"
    }
},
{
    "model": "Concursos_Online.usuario",
    "pk": 1,
    "fields": {
        "nombre_usuario": "lisandro16",
        "correo": "narcisomorata@example.com",
        "password": "&^38KsYg*x",
        "fecha_registro": "2025-10-25T17:28:19.409"
    }
},
{
    "model": "Concursos_Online.usuario",
    "pk": 2,
    "fields": {
        "nombre_usuario": "bernatfernanda",
        "correo": "wandres@example.com",
        "password": "YiDXahfd*9",
        "fecha_registro": "2025-10-25T17:28:19.418"
    }
},
{
    "model": "Concursos_Online.usuario",
    "pk": 3,
    "fields": {
        "nombre_usuario": "larnaiz",
        "correo": "pererahernando@example.net",
        "password": "JL2tVWli$@",
        "fecha_registro": "2025-10-25T17:28:19.425"
    }
},
{
    "model": "Concursos_Online.usuario",
    "pk": 4,
    "fields": {
        "nombre_usuario": "herminiodonoso",
        "correo": "amarilis76@example.net",
        "password": "p0TPqFDy$f",
        "fecha_registro": "2025-10-25T17:28:19.430"
    }
},
{
    "model": "Concursos_Online.usuario",
    "pk": 5,
    "fields": {
        "nombre_usuario": "wseco",
        "correo": "amadorllado@example.com",
        "password": "KD3YwT$z0@",
        "fecha_registro": "2025-10-25T17:28:19.435"
    }
},
{
    "model": "Concursos_Online.usuario",
    "pk": 6,
    "fields": {
        "nombre_usuario": "quirosjesusa",
        "correo": "charo35@example.com",
        "password": "xTy4Tc+V&#",
        "fecha_registro": "2025-10-25T17:28:19.440"
    }
},
{
    "model": "Concursos_Online.usuario",
    "pk": 7,
    "fields": {
        "nombre_usuario": "qsaez",
        "correo": "amorbalaguer@example.com",
        "password": "d(1kY_)k@U",
        "fecha_registro": "2025-10-25T17:28:19.445"
    }
},
{
    "model": "Concursos_Online.usuario",
    "pk": 8,
    "fields": {
        "nombre_usuario": "hernandezchelo",
        "correo": "vcalatayud@example.com",
        "password": "@Mh6Y6Gon6",
        "fecha_registro": "2025-10-25T17:28:19.450"
    }
},
{
    "model": "Concursos_Online.usuario",
    "pk": 9,
    "fields": {
        "nombre_usuario": "nazaret50",
        "correo": "paca21@example.com",
        "password": "^3FC3hp@0m",
        "fecha_registro": "2025-10-25T17:28:19.456"
    }
},
{
    "model": "Concursos_Online.usuario",
    "pk": 10,
    "fields": {
        "nombre_usuario": "olegario46",
        "correo": "jacobo62@example.com",
        "password": "yZlf9VCtE+",
        "fecha_registro": "2025-10-25T17:28:19.461"
    }
},
{
    "model": "Concursos_Online.usuario",
    "pk": 11,
    "fields": {
        "nombre_usuario": "pelayo28",
        "correo": "manuellazaro@example.org",
        "password": "&$r3zkBlvO",
        "fecha_registro": "2025-10-25T17:28:19.466"
    }
},
{
    "model": "Concursos_Online.usuario",
    "pk": 12,
    "fields": {
        "nombre_usuario": "parejoeugenia",
        "correo": "vidalvillalonga@example.com",
        "password": "90$NZBkS!d",
        "fecha_registro": "2025-10-25T17:28:19.471"
    }
},
{
    "model": "Concursos_Online.usuario",
    "pk": 13,
    "fields": {
        "nombre_usuario": "jportero",
        "correo": "porrasruben@example.org",
        "password": "2A5Znd^w^T",
        "fecha_registro": "2025-10-25T17:28:19.476"
    }
},
{
    "model": "Concursos_Online.usuario",
    "pk": 14,
    "fields": {
        "nombre_usuario": "azahara90",
        "correo": "davilaaitor@example.org",
        "password": "*9M%3YiJu4",
        "fecha_registro": "2025-10-25T17:28:19.481"
    }
},
{
    "model": "Concursos_Online.usuario",
    "pk": 15,
    "fields": {
        "nombre_usuario": "vinaestela",
        "correo": "aureliamoreno@example.net",
        "password": "h95Tn$Pl*E",
        "fecha_registro": "2025-10-25T17:28:19.486"
    }
},
{
    "model": "Concursos_Online.usuario",
    "pk": 16,
    "fields": {
        "nombre_usuario": "paolatorrijos",
        "correo": "lbelda@example.com",
        "password": "!35dITvCYe",
        "fecha_registro": "2025-10-25T17:28:19.491"
    }
},
{
    "model": "Concursos_Online.usuario",
    "pk": 17,
    "fields": {
        "nombre_usuario": "ariasalbino",
        "correo": "mariano61@example.net",
        "password": "!D4Fh&3rKy",
        "fecha_registro": "2025-10-25T17:28:19.496"
    }
},
{
    "model": "Concursos_Online.usuario",
    "pk": 18,
    "fields": {
        "nombre_usuario": "escolanoceferino",
        "correo": "maria38@example.com",
        "password": "l^^0SYbssk",
        "fecha_registro": "2025-10-25T17:28:19.501"
    }
},
{
    "model": "Concursos_Online.usuario",
    "pk": 19,
    "fields": {
        "nombre_usuario": "martiedgardo",
        "correo": "iniestachucho@example.net",
        "password": "D*5TCygZtO",
        "fecha_registro": "2025-10-25T17:28:19.506"
    }
},
{
    "model": "Concursos_Online.usuario",
    "pk": 20,
    "fields": {
        "nombre_usuario": "grandejose-angel",
        "correo": "xherrero@example.net",
        "password": "^7CyRgQ0d6",
        "fecha_registro": "2025-10-25T17:28:19.510"
    }
},
{
    "model": "Concursos_Online.usuario",
    "pk": 21,
    "fields": {
        "nombre_usuario": "adrian81",
        "correo": "calixtabarbero@example.org",
        "password": "7uW$7yv^#2",
        "fecha_registro": "2025-10-25T17:28:19.515"
    }
},
{
    "model": "Concursos_Online.usuario",
    "pk": 22,
    "fields": {
        "nombre_usuario": "florentina56",
        "correo": "schico@example.org",
        "password": "fA0zLG6t*^",
        "fecha_registro": "2025-10-25T17:28:19.520"
    }
},
{
    "model": "Concursos_Online.usuario",
    "pk": 23,
    "fields": {
        "nombre_usuario": "custodia61",
        "correo": "llanoodalis@example.com",
        "password": "AuMT8^Sy)X",
        "fecha_registro": "2025-10-25T17:28:19.525"
    }
},
{
    "model": "Concursos_Online.usuario",
    "pk": 24,
    "fields": {
        "nombre_usuario": "jenny03",
        "correo": "celiajurado@example.net",
        "password": "Iw67B9mf_8",
        "fecha_registro": "2025-10-25T17:28:19.530"
    }
},
{
    "model": "Concursos_Online.usuario",
    "pk": 25,
    "fields": {
        "nombre_usuario": "estradarocio",
        "correo": "jrocha@example.org",
        "password": "4EyXl6WN^Q",
        "fecha_registro": "2025-10-25T17:28:19.535"
    }
},
{
    "model": "Concursos_Online.usuario",
    "pk": 26,
    "fields": {
        "nombre_usuario": "tguerrero",
        "correo": "eligiocapdevila@example.com",
        "password": "_5NHMy!hW3",
        "fecha_registro": "2025-10-25T17:28:19.540"
    }
},
{
    "model": "Concursos_Online.usuario",
    "pk": 27,
    "fields": {
        "nombre_usuario": "viviana92",
        "correo": "dgarcia@example.com",
        "password": "kEI5Cp8x^9",
        "fecha_registro": "2025-10-25T17:28:19.544"
    }
},
{
    "model": "Concursos_Online.usuario",
    "pk": 28,
    "fields": {
        "nombre_usuario": "ricardobru",
        "correo": "victorsanmiguel@example.com",
        "password": "M_&3BrNz2I",
        "fecha_registro": "2025-10-25T17:28:19.549"
    }
},
{
    "model": "Concursos_Online.usuario",
    "pk": 29,
    "fields": {
        "nombre_usuario": "rsalva",
        "correo": "sevillanomarcelino@example.org",
        "password": "2!4X3ucA2G",
        "fecha_registro": "2025-10-25T17:28:19.554"
    }
},
{
    "model": "Concursos_Online.usuario",
    "pk": 30,
    "fields": {
        "nombre_usuario": "amancioartigas",
        "correo": "benita28@example.com",
        "password": "(ob9P6zWHE",
        "fecha_registro": "2025-10-25T17:28:19.559"
    }
},
{
    "model": "Concursos_Online.perfil",
    "pk": 1,
    "fields": {
        "usuario": 1,
        "nombre_completo": "Micaela Tapia Pardo",
        "biografia": "Destino etapa dar nuevos trabajadores diferencia datos libros. Pedro otras gran ante algunas humana caso. Marco presidente actividad hubiera.",
        "fecha_nacimiento": "1981-04-26",
        "imagen_perfil": "https://dummyimage.com/47x886"
    }
},
{
    "model": "Concursos_Online.perfil",
    "pk": 2,
    "fields": {
        "usuario": 2,
        "nombre_completo": "Paula Morán-Molins",
        "biografia": "Condiciones tanto tema nadie piel mundial. Socialista hospital hecho costa poco. Ha carrera blanca aquellos tu grupos ojos.",
        "fecha_nacimiento": "1975-06-07",
        "imagen_perfil": "https://picsum.photos/667/745"
    }
},
{
    "model": "Concursos_Online.perfil",
    "pk": 3,
    "fields": {
        "usuario": 3,
        "nombre_completo": "Adelaida de Pallarès",
        "biografia": "Interior puede ir pero pública maría. Río condiciones silencio minutos. Rodríguez lado tanto cuerpo recursos alguien.\nCiencia ley empresa. Derecho buscar próximo deja.",
        "fecha_nacimiento": "1985-11-03",
        "imagen_perfil": "https://dummyimage.com/191x458"
    }
},
{
    "model": "Concursos_Online.perfil",
    "pk": 4,
    "fields": {
        "usuario": 4,
        "nombre_completo": "Juan Carlos Arjona Santamaría",
        "biografia": "Lugar guerra si mundial señor. Pudo sala cuarto niveles todas nunca. Voz mira seguro figura explicó gobierno.\nNo santiago propio alto nuestro producción. Mal falta través mismo.",
        "fecha_nacimiento": "1999-11-06",
        "imagen_perfil": "https://placekitten.com/970/64"
    }
},
{
    "model": "Concursos_Online.perfil",
    "pk": 5,
    "fields": {
        "usuario": 5,
        "nombre_completo": "Maricela Puig Sosa",
        "biografia": "Historia consecuencia semana misma clase parte. Zonas vamos acto capacidad con rosa vista. Generales construcción esfuerzo muy santa.",
        "fecha_nacimiento": "1963-02-05",
        "imagen_perfil": "https://picsum.photos/194/827"
    }
},
{
    "model": "Concursos_Online.perfil",
    "pk": 6,
    "fields": {
        "usuario": 6,
        "nombre_completo": "Desiderio Jara Osorio",
        "biografia": "Últimos tema san tratamiento dejó. He encima entrada juego modelo ya común acerca.\nHija bastante unidad presente campaña he. Real o juan tenía su ley ciudad dio. Economía serie forma éxito.",
        "fecha_nacimiento": "1991-01-04",
        "imagen_perfil": "https://placekitten.com/107/358"
    }
},
{
    "model": "Concursos_Online.perfil",
    "pk": 7,
    "fields": {
        "usuario": 7,
        "nombre_completo": "Fátima Vicenta Cardona Lerma",
        "biografia": "Cuba personal padres fernando sigue. Quería mil rosa considera esfuerzo que deseo.\nSería grupo adelante elementos pequeña dado programas chile. Económico n miguel mayo comunidad posible te horas.",
        "fecha_nacimiento": "1987-05-09",
        "imagen_perfil": "https://placekitten.com/86/889"
    }
},
{
    "model": "Concursos_Online.perfil",
    "pk": 8,
    "fields": {
        "usuario": 8,
        "nombre_completo": "Joaquina Agudo Segarra",
        "biografia": "Sólo propia medida conseguir. Local arriba largo aire san pequeña para. Presenta ocasiones políticos persona tipos.\nSeguro aquellas control volver precisamente administración.",
        "fecha_nacimiento": "1985-11-15",
        "imagen_perfil": "https://placekitten.com/907/766"
    }
},
{
    "model": "Concursos_Online.perfil",
    "pk": 9,
    "fields": {
        "usuario": 9,
        "nombre_completo": "Ofelia Carballo-Arco",
        "biografia": "Él propuesta alrededor rafael producción. Mar mientras julio hijo.\nEstudio trabajo grupo exterior tratamiento. U méxico datos ellos.",
        "fecha_nacimiento": "1954-12-01",
        "imagen_perfil": "https://picsum.photos/520/489"
    }
},
{
    "model": "Concursos_Online.perfil",
    "pk": 10,
    "fields": {
        "usuario": 10,
        "nombre_completo": "Leonel Sala",
        "biografia": "Haber cabo ciencia verdad alta principales durante habla. Éxito formas papel general pueblo dar eso.",
        "fecha_nacimiento": "1968-07-15",
        "imagen_perfil": "https://picsum.photos/374/997"
    }
},
{
    "model": "Concursos_Online.perfil",
    "pk": 11,
    "fields": {
        "usuario": 11,
        "nombre_completo": "Armando Ulises Baró Moliner",
        "biografia": "Dejar pronto cuadro. Mal llegó policía abril muchas concepto central. Ambos diciembre animales problema europea club.",
        "fecha_nacimiento": "1980-04-17",
        "imagen_perfil": "https://dummyimage.com/154x633"
    }
},
{
    "model": "Concursos_Online.perfil",
    "pk": 12,
    "fields": {
        "usuario": 12,
        "nombre_completo": "Alcides Rivas Bravo",
        "biografia": "Puntos modo oficial. Acuerdo ninguna martín español asunto ocasiones.\nInterés entre atrás camino. Políticas pregunta algunas días.\nSido militar socialista fecha.",
        "fecha_nacimiento": "1982-12-05",
        "imagen_perfil": "https://placekitten.com/114/394"
    }
},
{
    "model": "Concursos_Online.perfil",
    "pk": 13,
    "fields": {
        "usuario": 13,
        "nombre_completo": "Conrado Salinas",
        "biografia": "Tenemos buen trabajo deseo tarde así. Acerca buen mañana grupos favor.\nÁrea hasta cerca madrid mejores económico puntos. Debido comercio todavía muy otro. Ella también civil particular hijo unidad.",
        "fecha_nacimiento": "1965-06-03",
        "imagen_perfil": "https://dummyimage.com/112x900"
    }
},
{
    "model": "Concursos_Online.perfil",
    "pk": 14,
    "fields": {
        "usuario": 14,
        "nombre_completo": "Pili Arce Francisco",
        "biografia": "Esa historia estructura unidos mujer. Importancia principal amigo valor. Ver clase trabajo.\nDebido sobre plazo siquiera atrás. Prueba cámara muy experiencia podía.",
        "fecha_nacimiento": "2007-10-16",
        "imagen_perfil": "https://dummyimage.com/200x882"
    }
},
{
    "model": "Concursos_Online.perfil",
    "pk": 15,
    "fields": {
        "usuario": 15,
        "nombre_completo": "Cristóbal Gutiérrez Higueras",
        "biografia": "Pasar algunas tu problema. Madre nuestra cuerpo marcha corte pocos. Finalmente están economía ningún popular resultado función.",
        "fecha_nacimiento": "1974-09-27",
        "imagen_perfil": "https://placekitten.com/227/419"
    }
},
{
    "model": "Concursos_Online.perfil",
    "pk": 16,
    "fields": {
        "usuario": 16,
        "nombre_completo": "Ismael Pedrosa Coronado",
        "biografia": "Partidos productos formación conocer policía. Obras fuerza primero aspecto. Historia causa pensar juicio presenta.",
        "fecha_nacimiento": "1994-11-27",
        "imagen_perfil": "https://placekitten.com/922/1015"
    }
},
{
    "model": "Concursos_Online.perfil",
    "pk": 17,
    "fields": {
        "usuario": 17,
        "nombre_completo": "Eustaquio Ramos Martorell",
        "biografia": "Problemas fuerzas atrás señor instituciones. Luego propia paso. Modelo seguridad cuatro lo jorge juicio.",
        "fecha_nacimiento": "1960-03-20",
        "imagen_perfil": "https://picsum.photos/470/437"
    }
},
{
    "model": "Concursos_Online.perfil",
    "pk": 18,
    "fields": {
        "usuario": 18,
        "nombre_completo": "Heraclio Barriga Páez",
        "biografia": "Cada sobre blanca julio. Izquierda me atención revolución económico ahí.\nElectoral alta quienes claro seguridad tiempo.\nAmbos español barcelona teatro trata con. Película radio lópez tratamiento mil.",
        "fecha_nacimiento": "2007-01-16",
        "imagen_perfil": "https://dummyimage.com/295x543"
    }
},
{
    "model": "Concursos_Online.perfil",
    "pk": 19,
    "fields": {
        "usuario": 19,
        "nombre_completo": "María Del Carmen Madrid-Hierro",
        "biografia": "Menor tras ambos. El conocer sus. Ocasiones tales siempre larga.\nJefe semana propio servicios a entrar. Capital oro mundial estado serie rodríguez cierta.\nQueda congreso calidad informe salir ideas.",
        "fecha_nacimiento": "1999-03-18",
        "imagen_perfil": "https://dummyimage.com/363x118"
    }
},
{
    "model": "Concursos_Online.perfil",
    "pk": 20,
    "fields": {
        "usuario": 20,
        "nombre_completo": "Roldán Perera Crespo",
        "biografia": "Partido nivel enfermedad ningún g padres forma. Humanos sus texto conocimiento pasado tenían popular aún. Ninguna tampoco acción.",
        "fecha_nacimiento": "2000-11-08",
        "imagen_perfil": "https://picsum.photos/458/678"
    }
},
{
    "model": "Concursos_Online.perfil",
    "pk": 21,
    "fields": {
        "usuario": 21,
        "nombre_completo": "Teo Espejo Mate",
        "biografia": "Pasó términos contra mi centros nosotros vamos. Tienen vista recuerdo local ambos pocos ir segunda.",
        "fecha_nacimiento": "1968-12-09",
        "imagen_perfil": "https://placekitten.com/590/925"
    }
},
{
    "model": "Concursos_Online.perfil",
    "pk": 22,
    "fields": {
        "usuario": 22,
        "nombre_completo": "Amado Chaparro",
        "biografia": "Jamás paciente base nuestro habla. Somos suerte medios segundo opinión reunión.\nPodría barcelona últimos. Mujeres millones cuando sistemas conseguir c especie.",
        "fecha_nacimiento": "1981-10-30",
        "imagen_perfil": "https://dummyimage.com/625x86"
    }
},
{
    "model": "Concursos_Online.perfil",
    "pk": 23,
    "fields": {
        "usuario": 23,
        "nombre_completo": "Abilio Gutierrez Mateo",
        "biografia": "Nueva muerto n ministro esas niveles. Espera objeto ahí central ciento pasar cama los.",
        "fecha_nacimiento": "1956-10-21",
        "imagen_perfil": "https://dummyimage.com/783x35"
    }
},
{
    "model": "Concursos_Online.perfil",
    "pk": 24,
    "fields": {
        "usuario": 24,
        "nombre_completo": "Encarnación Llamas",
        "biografia": "Millones unos educación torno pesetas fuerzas. Derecha mi iba. Da crecimiento sistemas dicho derecho como estados.",
        "fecha_nacimiento": "1992-04-05",
        "imagen_perfil": "https://picsum.photos/958/415"
    }
},
{
    "model": "Concursos_Online.perfil",
    "pk": 25,
    "fields": {
        "usuario": 25,
        "nombre_completo": "Aarón Cornejo-Páez",
        "biografia": "Nada producción perdido tiempos. Consumo gonzález casi pie duda día manera fuerzas. Comenzó fernando esfuerzo objetivo.",
        "fecha_nacimiento": "1980-03-26",
        "imagen_perfil": "https://dummyimage.com/820x1012"
    }
},
{
    "model": "Concursos_Online.perfil",
    "pk": 26,
    "fields": {
        "usuario": 26,
        "nombre_completo": "Irma Peña-Artigas",
        "biografia": "Que estaba región estructura datos ve. Expresión la ciento podía buen había artículo.\nProyecto mis total encontrar comenzó seguir quienes. Real ella algún g experiencia pedro.",
        "fecha_nacimiento": "1992-12-07",
        "imagen_perfil": "https://placekitten.com/91/541"
    }
},
{
    "model": "Concursos_Online.perfil",
    "pk": 27,
    "fields": {
        "usuario": 27,
        "nombre_completo": "Irene Estela Olmedo Benet",
        "biografia": "En pasa después economía derecha.\nÉsta próximo respuesta final desarrollo iba autoridades.\nNegro muerto estudio mar tu i. Hace pueda conseguir políticos pesar.",
        "fecha_nacimiento": "2004-08-18",
        "imagen_perfil": "https://dummyimage.com/707x487"
    }
},
{
    "model": "Concursos_Online.perfil",
    "pk": 28,
    "fields": {
        "usuario": 28,
        "nombre_completo": "Eustaquio Fuentes Duarte",
        "biografia": "Congreso lleva fútbol tipo seguro centro.\nAcciones cantidad es reunión suelo respuesta nivel. Entrar consejo dijo texto equipo estados.",
        "fecha_nacimiento": "2005-07-27",
        "imagen_perfil": "https://placekitten.com/304/51"
    }
},
{
    "model": "Concursos_Online.perfil",
    "pk": 29,
    "fields": {
        "usuario": 29,
        "nombre_completo": "Olimpia de Nuñez",
        "biografia": "Proyecto lópez aquellos película. Tanto sido cantidad posibilidad. Político tarde entrar con largo llevar meses hacer.",
        "fecha_nacimiento": "2006-11-16",
        "imagen_perfil": "https://picsum.photos/787/358"
    }
},
{
    "model": "Concursos_Online.perfil",
    "pk": 30,
    "fields": {
        "usuario": 30,
        "nombre_completo": "Paloma Salvador-Estévez",
        "biografia": "Podemos comunicación mayo obstante. De debía haciendo comunidad señora estos encuentra.\nPese los cierta autoridades. Dinero mediante medidas mismos informe.",
        "fecha_nacimiento": "2005-07-13",
        "imagen_perfil": "https://picsum.photos/261/382"
    }
},
{
    "model": "Concursos_Online.jurado",
    "pk": 1,
    "fields": {
        "usuario": 28,
        "experiencia": 6,
        "especialidad": "Profesional de enfermería",
        "disponible": true,
        "puntuacion_media": "7.85"
    }
},
{
    "model": "Concursos_Online.jurado",
    "pk": 2,
    "fields": {
        "usuario": 1,
        "experiencia": 10,
        "especialidad": "Operador de máquinas para fabricar productos fotográficos",
        "disponible": true,
        "puntuacion_media": "7.31"
    }
},
{
    "model": "Concursos_Online.jurado",
    "pk": 3,
    "fields": {
        "usuario": 22,
        "experiencia": 10,
        "especialidad": "Instructor de autoescuela",
        "disponible": true,
        "puntuacion_media": "5.67"
    }
},
{
    "model": "Concursos_Online.jurado",
    "pk": 4,
    "fields": {
        "usuario": 20,
        "experiencia": 10,
        "especialidad": "Miembro del poder legislativo",
        "disponible": true,
        "puntuacion_media": "6.46"
    }
},
{
    "model": "Concursos_Online.jurado",
    "pk": 5,
    "fields": {
        "usuario": 17,
        "experiencia": 10,
        "especialidad": "Telefonista",
        "disponible": true,
        "puntuacion_media": "8.03"
    }
},
{
    "model": "Concursos_Online.participante",
    "pk": 1,
    "fields": {
        "usuario": 9,
        "alias": "toledosantiago",
        "edad": 22,
        "nivel": 5,
        "puntuacion_total": "62.21"
    }
},
{
    "model": "Concursos_Online.participante",
    "pk": 2,
    "fields": {
        "usuario": 18,
        "alias": "irisdalmau",
        "edad": 29,
        "nivel": 4,
        "puntuacion_total": "76.52"
    }
},
{
    "model": "Concursos_Online.participante",
    "pk": 3,
    "fields": {
        "usuario": 23,
        "alias": "visitacion66",
        "edad": 60,
        "nivel": 4,
        "puntuacion_total": "72.66"
    }
},
{
    "model": "Concursos_Online.participante",
    "pk": 4,
    "fields": {
        "usuario": 3,
        "alias": "hmarino",
        "edad": 42,
        "nivel": 1,
        "puntuacion_total": "92.78"
    }
},
{
    "model": "Concursos_Online.participante",
    "pk": 5,
    "fields": {
        "usuario": 21,
        "alias": "qportillo",
        "edad": 52,
        "nivel": 2,
        "puntuacion_total": "86.59"
    }
},
{
    "model": "Concursos_Online.participante",
    "pk": 6,
    "fields": {
        "usuario": 19,
        "alias": "nydiagargallo",
        "edad": 39,
        "nivel": 5,
        "puntuacion_total": "14.63"
    }
},
{
    "model": "Concursos_Online.participante",
    "pk": 7,
    "fields": {
        "usuario": 25,
        "alias": "lazaro68",
        "edad": 60,
        "nivel": 5,
        "puntuacion_total": "10.51"
    }
},
{
    "model": "Concursos_Online.participante",
    "pk": 8,
    "fields": {
        "usuario": 7,
        "alias": "julio04",
        "edad": 26,
        "nivel": 2,
        "puntuacion_total": "85.91"
    }
},
{
    "model": "Concursos_Online.participante",
    "pk": 9,
    "fields": {
        "usuario": 16,
        "alias": "felisapardo",
        "edad": 31,
        "nivel": 3,
        "puntuacion_total": "99.23"
    }
},
{
    "model": "Concursos_Online.participante",
    "pk": 10,
    "fields": {
        "usuario": 13,
        "alias": "juan-luis00",
        "edad": 20,
        "nivel": 3,
        "puntuacion_total": "46.37"
    }
},
{
    "model": "Concursos_Online.administrador",
    "pk": 1,
    "fields": {
        "usuario": 12,
        "area_responsable": "Curtidor",
        "activo": true,
        "fecha_asignacion": "2025-10-25T17:28:19.727",
        "horario_disponible": "21:58:22"
    }
},
{
    "model": "Concursos_Online.administrador",
    "pk": 2,
    "fields": {
        "usuario": 26,
        "area_responsable": "Mayordomo doméstico",
        "activo": true,
        "fecha_asignacion": "2025-10-25T17:28:19.734",
        "horario_disponible": "12:47:00"
    }
},
{
    "model": "Concursos_Online.administrador",
    "pk": 3,
    "fields": {
        "usuario": 6,
        "area_responsable": "Pescador, cazador, tramperos y recolector de subsistencia",
        "activo": true,
        "fecha_asignacion": "2025-10-25T17:28:19.740",
        "horario_disponible": "11:24:21"
    }
},
{
    "model": "Concursos_Online.notificacion",
    "pk": 1,
    "fields": {
        "autor": 1,
        "titulo": "Por produce libros también está suficiente dolor.",
        "mensaje": "M si supuesto seguridad ejemplo manera. Última abril europa ejército.\nServicios hacen mayoría hecho. Señor paso cama claro difícil.",
        "fecha_envio": "2025-10-25T17:28:20.343"
    }
},
{
    "model": "Concursos_Online.notificacion",
    "pk": 2,
    "fields": {
        "autor": 1,
        "titulo": "Ninguna después larga puerta lejos color.",
        "mensaje": "Edad pesetas dejar música alta tengo. Calidad d recursos secretario población.",
        "fecha_envio": "2025-10-25T17:28:20.375"
    }
},
{
    "model": "Concursos_Online.notificacion",
    "pk": 3,
    "fields": {
        "autor": 2,
        "titulo": "Difícil niño razones mujeres hizo rey.",
        "mensaje": "Palabras cambio más pronto señora diez. Vida hicieron equipo plaza tribunal miguel.\nPregunta base vez n paz están seis. Cuerpo revolución todos.",
        "fecha_envio": "2025-10-25T17:28:20.408"
    }
},
{
    "model": "Concursos_Online.notificacion",
    "pk": 4,
    "fields": {
        "autor": 2,
        "titulo": "Mis victoria dejar región fiscal políticos.",
        "mensaje": "Todavía nuestras quien humano hicieron. Cuadro razones organización cultura sigue nuevo afirmó.",
        "fecha_envio": "2025-10-25T17:28:20.442"
    }
},
{
    "model": "Concursos_Online.notificacion",
    "pk": 5,
    "fields": {
        "autor": 3,
        "titulo": "Sistemas económico pasa relación.",
        "mensaje": "Libertad voy poder principio asimismo. Todas quedó cosa real. Servicios pesetas dijo.",
        "fecha_envio": "2025-10-25T17:28:20.472"
    }
},
{
    "model": "Concursos_Online.notificacion",
    "pk": 6,
    "fields": {
        "autor": 3,
        "titulo": "Presidente dejó partidos flores.",
        "mensaje": "Nadie lenguaje aire estudios pedro dijo políticas. Lugar una hacia cuba.",
        "fecha_envio": "2025-10-25T17:28:20.502"
    }
},
{
    "model": "Concursos_Online.recibe",
    "pk": 1,
    "fields": {
        "usuario": 15,
        "notificacion": 1,
        "estado": "PE",
        "fecha_recepcion": "2025-10-25T17:28:20.348"
    }
},
{
    "model": "Concursos_Online.recibe",
    "pk": 2,
    "fields": {
        "usuario": 5,
        "notificacion": 1,
        "estado": "PE",
        "fecha_recepcion": "2025-10-25T17:28:20.353"
    }
},
{
    "model": "Concursos_Online.recibe",
    "pk": 3,
    "fields": {
        "usuario": 30,
        "notificacion": 1,
        "estado": "PE",
        "fecha_recepcion": "2025-10-25T17:28:20.358"
    }
},
{
    "model": "Concursos_Online.recibe",
    "pk": 4,
    "fields": {
        "usuario": 21,
        "notificacion": 1,
        "estado": "EN",
        "fecha_recepcion": "2025-10-25T17:28:20.363"
    }
},
{
    "model": "Concursos_Online.recibe",
    "pk": 5,
    "fields": {
        "usuario": 23,
        "notificacion": 1,
        "estado": "EN",
        "fecha_recepcion": "2025-10-25T17:28:20.369"
    }
},
{
    "model": "Concursos_Online.recibe",
    "pk": 6,
    "fields": {
        "usuario": 23,
        "notificacion": 2,
        "estado": "PE",
        "fecha_recepcion": "2025-10-25T17:28:20.380"
    }
},
{
    "model": "Concursos_Online.recibe",
    "pk": 7,
    "fields": {
        "usuario": 22,
        "notificacion": 2,
        "estado": "EN",
        "fecha_recepcion": "2025-10-25T17:28:20.386"
    }
},
{
    "model": "Concursos_Online.recibe",
    "pk": 8,
    "fields": {
        "usuario": 14,
        "notificacion": 2,
        "estado": "EN",
        "fecha_recepcion": "2025-10-25T17:28:20.391"
    }
},
{
    "model": "Concursos_Online.recibe",
    "pk": 9,
    "fields": {
        "usuario": 15,
        "notificacion": 2,
        "estado": "EN",
        "fecha_recepcion": "2025-10-25T17:28:20.397"
    }
},
{
    "model": "Concursos_Online.recibe",
    "pk": 10,
    "fields": {
        "usuario": 2,
        "notificacion": 2,
        "estado": "EN",
        "fecha_recepcion": "2025-10-25T17:28:20.402"
    }
},
{
    "model": "Concursos_Online.recibe",
    "pk": 11,
    "fields": {
        "usuario": 13,
        "notificacion": 3,
        "estado": "EN",
        "fecha_recepcion": "2025-10-25T17:28:20.413"
    }
},
{
    "model": "Concursos_Online.recibe",
    "pk": 12,
    "fields": {
        "usuario": 21,
        "notificacion": 3,
        "estado": "PE",
        "fecha_recepcion": "2025-10-25T17:28:20.419"
    }
},
{
    "model": "Concursos_Online.recibe",
    "pk": 13,
    "fields": {
        "usuario": 29,
        "notificacion": 3,
        "estado": "PE",
        "fecha_recepcion": "2025-10-25T17:28:20.426"
    }
},
{
    "model": "Concursos_Online.recibe",
    "pk": 14,
    "fields": {
        "usuario": 20,
        "notificacion": 3,
        "estado": "EN",
        "fecha_recepcion": "2025-10-25T17:28:20.431"
    }
},
{
    "model": "Concursos_Online.recibe",
    "pk": 15,
    "fields": {
        "usuario": 15,
        "notificacion": 3,
        "estado": "EN",
        "fecha_recepcion": "2025-10-25T17:28:20.436"
    }
},
{
    "model": "Concursos_Online.recibe",
    "pk": 16,
    "fields": {
        "usuario": 28,
        "notificacion": 4,
        "estado": "PE",
        "fecha_recepcion": "2025-10-25T17:28:20.447"
    }
},
{
    "model": "Concursos_Online.recibe",
    "pk": 17,
    "fields": {
        "usuario": 11,
        "notificacion": 4,
        "estado": "EN",
        "fecha_recepcion": "2025-10-25T17:28:20.452"
    }
},
{
    "model": "Concursos_Online.recibe",
    "pk": 18,
    "fields": {
        "usuario": 13,
        "notificacion": 4,
        "estado": "EN",
        "fecha_recepcion": "2025-10-25T17:28:20.457"
    }
},
{
    "model": "Concursos_Online.recibe",
    "pk": 19,
    "fields": {
        "usuario": 25,
        "notificacion": 4,
        "estado": "EN",
        "fecha_recepcion": "2025-10-25T17:28:20.462"
    }
},
{
    "model": "Concursos_Online.recibe",
    "pk": 20,
    "fields": {
        "usuario": 18,
        "notificacion": 4,
        "estado": "EN",
        "fecha_recepcion": "2025-10-25T17:28:20.466"
    }
},
{
    "model": "Concursos_Online.recibe",
    "pk": 21,
    "fields": {
        "usuario": 4,
        "notificacion": 5,
        "estado": "PE",
        "fecha_recepcion": "2025-10-25T17:28:20.477"
    }
},
{
    "model": "Concursos_Online.recibe",
    "pk": 22,
    "fields": {
        "usuario": 2,
        "notificacion": 5,
        "estado": "PE",
        "fecha_recepcion": "2025-10-25T17:28:20.482"
    }
},
{
    "model": "Concursos_Online.recibe",
    "pk": 23,
    "fields": {
        "usuario": 25,
        "notificacion": 5,
        "estado": "PE",
        "fecha_recepcion": "2025-10-25T17:28:20.487"
    }
},
{
    "model": "Concursos_Online.recibe",
    "pk": 24,
    "fields": {
        "usuario": 27,
        "notificacion": 5,
        "estado": "PE",
        "fecha_recepcion": "2025-10-25T17:28:20.492"
    }
},
{
    "model": "Concursos_Online.recibe",
    "pk": 25,
    "fields": {
        "usuario": 22,
        "notificacion": 5,
        "estado": "EN",
        "fecha_recepcion": "2025-10-25T17:28:20.497"
    }
},
{
    "model": "Concursos_Online.recibe",
    "pk": 26,
    "fields": {
        "usuario": 7,
        "notificacion": 6,
        "estado": "EN",
        "fecha_recepcion": "2025-10-25T17:28:20.507"
    }
},
{
    "model": "Concursos_Online.recibe",
    "pk": 27,
    "fields": {
        "usuario": 30,
        "notificacion": 6,
        "estado": "PE",
        "fecha_recepcion": "2025-10-25T17:28:20.511"
    }
},
{
    "model": "Concursos_Online.recibe",
    "pk": 28,
    "fields": {
        "usuario": 6,
        "notificacion": 6,
        "estado": "PE",
        "fecha_recepcion": "2025-10-25T17:28:20.516"
    }
},
{
    "model": "Concursos_Online.recibe",
    "pk": 29,
    "fields": {
        "usuario": 18,
        "notificacion": 6,
        "estado": "EN",
        "fecha_recepcion": "2025-10-25T17:28:20.521"
    }
},
{
    "model": "Concursos_Online.recibe",
    "pk": 30,
    "fields": {
        "usuario": 24,
        "notificacion": 6,
        "estado": "EN",
        "fecha_recepcion": "2025-10-25T17:28:20.526"
    }
},
{
    "model": "Concursos_Online.concurso",
    "pk": 1,
    "fields": {
        "nombre": "Concurso 1: Después",
        "descripcion": "Posición sectores tú parecía trabajo cosas noche don. Cuba arriba pasa eso adelante su. Trabajadores aparece fuego carácter las les contra.\nCabeza mayor primera lópez elementos quienes padre. Participación cerca miembros mujeres aparece. Mucha luz obstante espera momento sistema.",
        "fecha_inicio": "2025-10-01T17:28:19.830",
        "fecha_final": "2025-10-13T17:28:19.830",
        "activo": true,
        "creador": 3,
        "ganador": 4
    }
},
{
    "model": "Concursos_Online.concurso",
    "pk": 2,
    "fields": {
        "nombre": "Concurso 2: Región",
        "descripcion": "Dentro octubre tener peso equipo ex superior. Suerte especial visto gente decisión otras junto.\nMaría favor del cual hacen fecha junto. Instituciones aun decía acto garcía. Fuerza igual anterior ya.\nD hacen victoria existe política. Espacio momento usted cuatro.",
        "fecha_inicio": "2025-09-25T17:28:19.837",
        "fecha_final": "2025-09-30T17:28:19.837",
        "activo": true,
        "creador": 3,
        "ganador": 8
    }
},
{
    "model": "Concursos_Online.concurso",
    "pk": 3,
    "fields": {
        "nombre": "Concurso 3: Mayor",
        "descripcion": "Militar deja donde texto sociedad.\nHasta energía ciento tomar. Pueda base agua juez éste. Energía francia fondo luis muchos.\nArmas realidad éxito ahora debe lado por. Suerte imposible fernando cuando empresas algunas compañía tipos.",
        "fecha_inicio": "2025-10-14T17:28:19.842",
        "fecha_final": "2025-10-27T17:28:19.842",
        "activo": true,
        "creador": 2,
        "ganador": 3
    }
},
{
    "model": "Concursos_Online.concurso",
    "pk": 4,
    "fields": {
        "nombre": "Concurso 4: Jóvenes",
        "descripcion": "Demás para español allí mirada. Esos contra premio encuentran sector. Posibilidad mediante juez izquierda.\nLos mientras mejor allá fuera. Personas socialista silencio ésta banco. Años méxico tratamiento mí tema creo.",
        "fecha_inicio": "2025-10-02T17:28:19.848",
        "fecha_final": "2025-10-17T17:28:19.848",
        "activo": true,
        "creador": 2,
        "ganador": 5
    }
},
{
    "model": "Concursos_Online.concurso",
    "pk": 5,
    "fields": {
        "nombre": "Concurso 5: Derechos",
        "descripcion": "Debido puerto imposible entrada visto. Pablo partidos sistema personas. Diferencia esta sol padres buena tanto cultura aspecto. Económico derecha adelante etapa mundial importantes.",
        "fecha_inicio": "2025-10-07T17:28:19.854",
        "fecha_final": "2025-10-12T17:28:19.854",
        "activo": true,
        "creador": 2,
        "ganador": 6
    }
},
{
    "model": "Concursos_Online.trabajo",
    "pk": 1,
    "fields": {
        "participante": 1,
        "concurso": 2,
        "titulo": "Central felipe podría va nos.",
        "descripcion": "Propuesta g música sala mismos económica. Minutos pesar términos ningún torno encuentro intereses.",
        "archivo": "dice.pdf",
        "fecha_envio": "2025-10-25T17:28:20.144",
        "puntuacion_promedio": "6.14"
    }
},
{
    "model": "Concursos_Online.trabajo",
    "pk": 2,
    "fields": {
        "participante": 2,
        "concurso": 3,
        "titulo": "Fácil proyecto gonzález amor.",
        "descripcion": "Afirmó permite psoe constitución estoy mes. Estar primero buen sueño. Las primeras verdad medios centro.",
        "archivo": "apenas.pdf",
        "fecha_envio": "2025-10-25T17:28:20.153",
        "puntuacion_promedio": "2.50"
    }
},
{
    "model": "Concursos_Online.trabajo",
    "pk": 3,
    "fields": {
        "participante": 3,
        "concurso": 3,
        "titulo": "Argentina francia mesa hospital.",
        "descripcion": "E veces tarde ningún control conocer. Grupo expresión lleva. Natural libros s sectores toma.",
        "archivo": "dado.pdf",
        "fecha_envio": "2025-10-25T17:28:20.162",
        "puntuacion_promedio": "6.81"
    }
},
{
    "model": "Concursos_Online.trabajo",
    "pk": 4,
    "fields": {
        "participante": 4,
        "concurso": 1,
        "titulo": "Figura lado tarde demasiado.",
        "descripcion": "Manera público período poder resto hubiera también siguiente. Sus cuestión miedo ejército.",
        "archivo": "negro.pdf",
        "fecha_envio": "2025-10-25T17:28:20.170",
        "puntuacion_promedio": "5.92"
    }
},
{
    "model": "Concursos_Online.trabajo",
    "pk": 5,
    "fields": {
        "participante": 5,
        "concurso": 5,
        "titulo": "Solución viene.",
        "descripcion": "Palabras g encontrar horas. G primeras aún hablar. Común mano pública puso animales gobierno ninguna.",
        "archivo": "momentos.pdf",
        "fecha_envio": "2025-10-25T17:28:20.177",
        "puntuacion_promedio": "9.55"
    }
},
{
    "model": "Concursos_Online.trabajo",
    "pk": 6,
    "fields": {
        "participante": 6,
        "concurso": 4,
        "titulo": "Violencia muestra.",
        "descripcion": "Haber primero esta rey violencia. Entonces nada instituciones vio pasar así.",
        "archivo": "u.pdf",
        "fecha_envio": "2025-10-25T17:28:20.185",
        "puntuacion_promedio": "5.21"
    }
},
{
    "model": "Concursos_Online.trabajo",
    "pk": 7,
    "fields": {
        "participante": 7,
        "concurso": 5,
        "titulo": "Casos victoria duda industria julio.",
        "descripcion": "República control anterior tenido niño muchos dejar diferentes. Semanas los sería tanto riesgo juego alguna.",
        "archivo": "diferencia.pdf",
        "fecha_envio": "2025-10-25T17:28:20.193",
        "puntuacion_promedio": "7.98"
    }
},
{
    "model": "Concursos_Online.trabajo",
    "pk": 8,
    "fields": {
        "participante": 8,
        "concurso": 5,
        "titulo": "Tuvo necesario cuestión.",
        "descripcion": "Ellos podemos demasiado.\nPero valores salud. Martín industria cambios ante. Capacidad tenían me ambos voy capital opinión.",
        "archivo": "animales.pdf",
        "fecha_envio": "2025-10-25T17:28:20.200",
        "puntuacion_promedio": "9.27"
    }
},
{
    "model": "Concursos_Online.trabajo",
    "pk": 9,
    "fields": {
        "participante": 9,
        "concurso": 2,
        "titulo": "Nos principal cual.",
        "descripcion": "Especial siempre medio están veces grande varias. Jorge últimos aquellos tanto humano allá.\nPoblación tienen son corte sabe pone y.",
        "archivo": "encuentran.pdf",
        "fecha_envio": "2025-10-25T17:28:20.208",
        "puntuacion_promedio": "1.99"
    }
},
{
    "model": "Concursos_Online.trabajo",
    "pk": 10,
    "fields": {
        "participante": 10,
        "concurso": 4,
        "titulo": "Semanas producto pequeña.",
        "descripcion": "Hija médico ellas aquella. Cuatro generales hay razón. Sigue fiscal hijo pesar pasado problemas perdido.",
        "archivo": "esas.pdf",
        "fecha_envio": "2025-10-25T17:28:20.215",
        "puntuacion_promedio": "2.16"
    }
},
{
    "model": "Concursos_Online.inscribe",
    "pk": 1,
    "fields": {
        "participante": 1,
        "concurso": 2,
        "fecha_inscripcion": "2025-10-25T17:28:19.979"
    }
},
{
    "model": "Concursos_Online.inscribe",
    "pk": 2,
    "fields": {
        "participante": 1,
        "concurso": 4,
        "fecha_inscripcion": "2025-10-25T17:28:19.995"
    }
},
{
    "model": "Concursos_Online.inscribe",
    "pk": 3,
    "fields": {
        "participante": 2,
        "concurso": 3,
        "fecha_inscripcion": "2025-10-25T17:28:20.006"
    }
},
{
    "model": "Concursos_Online.inscribe",
    "pk": 4,
    "fields": {
        "participante": 2,
        "concurso": 5,
        "fecha_inscripcion": "2025-10-25T17:28:20.013"
    }
},
{
    "model": "Concursos_Online.inscribe",
    "pk": 5,
    "fields": {
        "participante": 3,
        "concurso": 3,
        "fecha_inscripcion": "2025-10-25T17:28:20.022"
    }
},
{
    "model": "Concursos_Online.inscribe",
    "pk": 6,
    "fields": {
        "participante": 3,
        "concurso": 1,
        "fecha_inscripcion": "2025-10-25T17:28:20.031"
    }
},
{
    "model": "Concursos_Online.inscribe",
    "pk": 7,
    "fields": {
        "participante": 4,
        "concurso": 1,
        "fecha_inscripcion": "2025-10-25T17:28:20.042"
    }
},
{
    "model": "Concursos_Online.inscribe",
    "pk": 8,
    "fields": {
        "participante": 4,
        "concurso": 4,
        "fecha_inscripcion": "2025-10-25T17:28:20.049"
    }
},
{
    "model": "Concursos_Online.inscribe",
    "pk": 9,
    "fields": {
        "participante": 5,
        "concurso": 4,
        "fecha_inscripcion": "2025-10-25T17:28:20.057"
    }
},
{
    "model": "Concursos_Online.inscribe",
    "pk": 10,
    "fields": {
        "participante": 5,
        "concurso": 5,
        "fecha_inscripcion": "2025-10-25T17:28:20.063"
    }
},
{
    "model": "Concursos_Online.inscribe",
    "pk": 11,
    "fields": {
        "participante": 6,
        "concurso": 4,
        "fecha_inscripcion": "2025-10-25T17:28:20.072"
    }
},
{
    "model": "Concursos_Online.inscribe",
    "pk": 12,
    "fields": {
        "participante": 6,
        "concurso": 5,
        "fecha_inscripcion": "2025-10-25T17:28:20.078"
    }
},
{
    "model": "Concursos_Online.inscribe",
    "pk": 13,
    "fields": {
        "participante": 7,
        "concurso": 5,
        "fecha_inscripcion": "2025-10-25T17:28:20.089"
    }
},
{
    "model": "Concursos_Online.inscribe",
    "pk": 14,
    "fields": {
        "participante": 7,
        "concurso": 3,
        "fecha_inscripcion": "2025-10-25T17:28:20.095"
    }
},
{
    "model": "Concursos_Online.inscribe",
    "pk": 15,
    "fields": {
        "participante": 8,
        "concurso": 2,
        "fecha_inscripcion": "2025-10-25T17:28:20.101"
    }
},
{
    "model": "Concursos_Online.inscribe",
    "pk": 16,
    "fields": {
        "participante": 8,
        "concurso": 5,
        "fecha_inscripcion": "2025-10-25T17:28:20.108"
    }
},
{
    "model": "Concursos_Online.inscribe",
    "pk": 17,
    "fields": {
        "participante": 9,
        "concurso": 2,
        "fecha_inscripcion": "2025-10-25T17:28:20.118"
    }
},
{
    "model": "Concursos_Online.inscribe",
    "pk": 18,
    "fields": {
        "participante": 9,
        "concurso": 3,
        "fecha_inscripcion": "2025-10-25T17:28:20.124"
    }
},
{
    "model": "Concursos_Online.inscribe",
    "pk": 19,
    "fields": {
        "participante": 10,
        "concurso": 4,
        "fecha_inscripcion": "2025-10-25T17:28:20.130"
    }
},
{
    "model": "Concursos_Online.inscribe",
    "pk": 20,
    "fields": {
        "participante": 10,
        "concurso": 5,
        "fecha_inscripcion": "2025-10-25T17:28:20.135"
    }
},
{
    "model": "Concursos_Online.asigna",
    "pk": 1,
    "fields": {
        "jurado": 1,
        "concurso": 2,
        "fecha_asignacion": "2025-10-25T17:28:19.860",
        "activo": true
    }
},
{
    "model": "Concursos_Online.asigna",
    "pk": 2,
    "fields": {
        "jurado": 1,
        "concurso": 3,
        "fecha_asignacion": "2025-10-25T17:28:19.865",
        "activo": true
    }
},
{
    "model": "Concursos_Online.asigna",
    "pk": 3,
    "fields": {
        "jurado": 2,
        "concurso": 4,
        "fecha_asignacion": "2025-10-25T17:28:19.871",
        "activo": true
    }
},
{
    "model": "Concursos_Online.asigna",
    "pk": 4,
    "fields": {
        "jurado": 2,
        "concurso": 1,
        "fecha_asignacion": "2025-10-25T17:28:19.878",
        "activo": true
    }
},
{
    "model": "Concursos_Online.asigna",
    "pk": 5,
    "fields": {
        "jurado": 3,
        "concurso": 4,
        "fecha_asignacion": "2025-10-25T17:28:19.884",
        "activo": true
    }
},
{
    "model": "Concursos_Online.asigna",
    "pk": 6,
    "fields": {
        "jurado": 3,
        "concurso": 1,
        "fecha_asignacion": "2025-10-25T17:28:19.889",
        "activo": true
    }
},
{
    "model": "Concursos_Online.asigna",
    "pk": 7,
    "fields": {
        "jurado": 4,
        "concurso": 3,
        "fecha_asignacion": "2025-10-25T17:28:19.895",
        "activo": true
    }
},
{
    "model": "Concursos_Online.asigna",
    "pk": 8,
    "fields": {
        "jurado": 4,
        "concurso": 4,
        "fecha_asignacion": "2025-10-25T17:28:19.900",
        "activo": true
    }
},
{
    "model": "Concursos_Online.asigna",
    "pk": 9,
    "fields": {
        "jurado": 5,
        "concurso": 5,
        "fecha_asignacion": "2025-10-25T17:28:19.906",
        "activo": true
    }
},
{
    "model": "Concursos_Online.asigna",
    "pk": 10,
    "fields": {
        "jurado": 5,
        "concurso": 2,
        "fecha_asignacion": "2025-10-25T17:28:19.915",
        "activo": true
    }
},
{
    "model": "Concursos_Online.evaluacion",
    "pk": 1,
    "fields": {
        "jurado": 1,
        "trabajo": 1,
        "puntuacion": "1.29",
        "comentario": "Autor aumento supuesto tipos estamos capaz ninguna. Particular le larga programa peso oposición.",
        "fecha_evaluacion": "2025-10-25T17:28:20.222"
    }
},
{
    "model": "Concursos_Online.evaluacion",
    "pk": 2,
    "fields": {
        "jurado": 5,
        "trabajo": 1,
        "puntuacion": "4.20",
        "comentario": "Puedo cama ciencia proyectos mil mí.",
        "fecha_evaluacion": "2025-10-25T17:28:20.229"
    }
},
{
    "model": "Concursos_Online.evaluacion",
    "pk": 3,
    "fields": {
        "jurado": 1,
        "trabajo": 2,
        "puntuacion": "5.15",
        "comentario": "U debido claro aun. Río color aquellos dicen sido. Estos artículo jorge enfermedad.",
        "fecha_evaluacion": "2025-10-25T17:28:20.238"
    }
},
{
    "model": "Concursos_Online.evaluacion",
    "pk": 4,
    "fields": {
        "jurado": 4,
        "trabajo": 2,
        "puntuacion": "0.22",
        "comentario": "Política posición como momento. Rosa meses frente nuestro mañana muchos.",
        "fecha_evaluacion": "2025-10-25T17:28:20.244"
    }
},
{
    "model": "Concursos_Online.evaluacion",
    "pk": 5,
    "fields": {
        "jurado": 1,
        "trabajo": 3,
        "puntuacion": "9.48",
        "comentario": "Manuel habrá tengo pequeño aún dirección oposición podrá.",
        "fecha_evaluacion": "2025-10-25T17:28:20.250"
    }
},
{
    "model": "Concursos_Online.evaluacion",
    "pk": 6,
    "fields": {
        "jurado": 4,
        "trabajo": 3,
        "puntuacion": "1.65",
        "comentario": "Trabajar médico doctor todos. Ver pedro nadie cuales debido precisamente entrar pp.",
        "fecha_evaluacion": "2025-10-25T17:28:20.256"
    }
},
{
    "model": "Concursos_Online.evaluacion",
    "pk": 7,
    "fields": {
        "jurado": 2,
        "trabajo": 4,
        "puntuacion": "2.79",
        "comentario": "Mi mira domingo. Te forma adelante cantidad bueno. Tenemos valores mantener salud cómo casa partir.",
        "fecha_evaluacion": "2025-10-25T17:28:20.262"
    }
},
{
    "model": "Concursos_Online.evaluacion",
    "pk": 8,
    "fields": {
        "jurado": 3,
        "trabajo": 4,
        "puntuacion": "5.31",
        "comentario": "Mí alguien martín aspectos casa producto tenía. Nosotros considera aspectos voz hacia permite.",
        "fecha_evaluacion": "2025-10-25T17:28:20.268"
    }
},
{
    "model": "Concursos_Online.evaluacion",
    "pk": 9,
    "fields": {
        "jurado": 5,
        "trabajo": 5,
        "puntuacion": "8.82",
        "comentario": "Entre madre ni domingo cinco grupo. Horas porque vamos cama carne oro sistemas.",
        "fecha_evaluacion": "2025-10-25T17:28:20.274"
    }
},
{
    "model": "Concursos_Online.evaluacion",
    "pk": 10,
    "fields": {
        "jurado": 2,
        "trabajo": 6,
        "puntuacion": "0.32",
        "comentario": "Durante estuvo hubiera llegar música.\nDiez cambios central mucho. Más intereses cuba trata.",
        "fecha_evaluacion": "2025-10-25T17:28:20.282"
    }
},
{
    "model": "Concursos_Online.evaluacion",
    "pk": 11,
    "fields": {
        "jurado": 3,
        "trabajo": 6,
        "puntuacion": "0.04",
        "comentario": "Tiene mujer estos informe.\nÉxito hacer movimiento puedo.",
        "fecha_evaluacion": "2025-10-25T17:28:20.288"
    }
},
{
    "model": "Concursos_Online.evaluacion",
    "pk": 12,
    "fields": {
        "jurado": 4,
        "trabajo": 6,
        "puntuacion": "7.92",
        "comentario": "Ideas régimen san da. En allí comisión etc barcelona ellas estado. Hasta mediante unos hacerlo.",
        "fecha_evaluacion": "2025-10-25T17:28:20.294"
    }
},
{
    "model": "Concursos_Online.evaluacion",
    "pk": 13,
    "fields": {
        "jurado": 5,
        "trabajo": 7,
        "puntuacion": "8.91",
        "comentario": "Mucho modelo peso administración. Construcción respuesta compañía vuelve.",
        "fecha_evaluacion": "2025-10-25T17:28:20.302"
    }
},
{
    "model": "Concursos_Online.evaluacion",
    "pk": 14,
    "fields": {
        "jurado": 5,
        "trabajo": 8,
        "puntuacion": "9.63",
        "comentario": "Entrar incluso días señor. Parte día muchas tal.",
        "fecha_evaluacion": "2025-10-25T17:28:20.308"
    }
},
{
    "model": "Concursos_Online.evaluacion",
    "pk": 15,
    "fields": {
        "jurado": 1,
        "trabajo": 9,
        "puntuacion": "0.69",
        "comentario": "Mucha sólo centros personal hombre bien.",
        "fecha_evaluacion": "2025-10-25T17:28:20.315"
    }
},
{
    "model": "Concursos_Online.evaluacion",
    "pk": 16,
    "fields": {
        "jurado": 5,
        "trabajo": 9,
        "puntuacion": "2.43",
        "comentario": "Joven del jorge mayoría nada. Le sentido te.",
        "fecha_evaluacion": "2025-10-25T17:28:20.320"
    }
},
{
    "model": "Concursos_Online.evaluacion",
    "pk": 17,
    "fields": {
        "jurado": 2,
        "trabajo": 10,
        "puntuacion": "4.34",
        "comentario": "Color volver algunas es española existen misma.\nPresenta u poder ningún había suficiente juego.",
        "fecha_evaluacion": "2025-10-25T17:28:20.327"
    }
},
{
    "model": "Concursos_Online.evaluacion",
    "pk": 18,
    "fields": {
        "jurado": 3,
        "trabajo": 10,
        "puntuacion": "2.79",
        "comentario": "Piel tierra propuesta pedro grupos habían. Ningún de afirmó momento algo van habría.",
        "fecha_evaluacion": "2025-10-25T17:28:20.332"
    }
},
{
    "model": "Concursos_Online.evaluacion",
    "pk": 19,
    "fields": {
        "jurado": 4,
        "trabajo": 10,
        "puntuacion": "4.83",
        "comentario": "Actividades doctor primeras durante.\nDerecho ver miedo. Seguro salir prueba millones.",
        "fecha_evaluacion": "2025-10-25T17:28:20.338"
    }
}
]
