[
{
    "model": "auth.permission",
    "pk": 1,
    "fields": {
        "name": "Can add log entry",
        "content_type": 1,
        "codename": "add_logentry"
    }
},
{
    "model": "auth.permission",
    "pk": 2,
    "fields": {
        "name": "Can change log entry",
        "content_type": 1,
        "codename": "change_logentry"
    }
},
{
    "model": "auth.permission",
    "pk": 3,
    "fields": {
        "name": "Can delete log entry",
        "content_type": 1,
        "codename": "delete_logentry"
    }
},
{
    "model": "auth.permission",
    "pk": 4,
    "fields": {
        "name": "Can view log entry",
        "content_type": 1,
        "codename": "view_logentry"
    }
},
{
    "model": "auth.permission",
    "pk": 5,
    "fields": {
        "name": "Can add permission",
        "content_type": 2,
        "codename": "add_permission"
    }
},
{
    "model": "auth.permission",
    "pk": 6,
    "fields": {
        "name": "Can change permission",
        "content_type": 2,
        "codename": "change_permission"
    }
},
{
    "model": "auth.permission",
    "pk": 7,
    "fields": {
        "name": "Can delete permission",
        "content_type": 2,
        "codename": "delete_permission"
    }
},
{
    "model": "auth.permission",
    "pk": 8,
    "fields": {
        "name": "Can view permission",
        "content_type": 2,
        "codename": "view_permission"
    }
},
{
    "model": "auth.permission",
    "pk": 9,
    "fields": {
        "name": "Can add group",
        "content_type": 3,
        "codename": "add_group"
    }
},
{
    "model": "auth.permission",
    "pk": 10,
    "fields": {
        "name": "Can change group",
        "content_type": 3,
        "codename": "change_group"
    }
},
{
    "model": "auth.permission",
    "pk": 11,
    "fields": {
        "name": "Can delete group",
        "content_type": 3,
        "codename": "delete_group"
    }
},
{
    "model": "auth.permission",
    "pk": 12,
    "fields": {
        "name": "Can view group",
        "content_type": 3,
        "codename": "view_group"
    }
},
{
    "model": "auth.permission",
    "pk": 13,
    "fields": {
        "name": "Can add user",
        "content_type": 4,
        "codename": "add_user"
    }
},
{
    "model": "auth.permission",
    "pk": 14,
    "fields": {
        "name": "Can change user",
        "content_type": 4,
        "codename": "change_user"
    }
},
{
    "model": "auth.permission",
    "pk": 15,
    "fields": {
        "name": "Can delete user",
        "content_type": 4,
        "codename": "delete_user"
    }
},
{
    "model": "auth.permission",
    "pk": 16,
    "fields": {
        "name": "Can view user",
        "content_type": 4,
        "codename": "view_user"
    }
},
{
    "model": "auth.permission",
    "pk": 17,
    "fields": {
        "name": "Can add content type",
        "content_type": 5,
        "codename": "add_contenttype"
    }
},
{
    "model": "auth.permission",
    "pk": 18,
    "fields": {
        "name": "Can change content type",
        "content_type": 5,
        "codename": "change_contenttype"
    }
},
{
    "model": "auth.permission",
    "pk": 19,
    "fields": {
        "name": "Can delete content type",
        "content_type": 5,
        "codename": "delete_contenttype"
    }
},
{
    "model": "auth.permission",
    "pk": 20,
    "fields": {
        "name": "Can view content type",
        "content_type": 5,
        "codename": "view_contenttype"
    }
},
{
    "model": "auth.permission",
    "pk": 21,
    "fields": {
        "name": "Can add session",
        "content_type": 6,
        "codename": "add_session"
    }
},
{
    "model": "auth.permission",
    "pk": 22,
    "fields": {
        "name": "Can change session",
        "content_type": 6,
        "codename": "change_session"
    }
},
{
    "model": "auth.permission",
    "pk": 23,
    "fields": {
        "name": "Can delete session",
        "content_type": 6,
        "codename": "delete_session"
    }
},
{
    "model": "auth.permission",
    "pk": 24,
    "fields": {
        "name": "Can view session",
        "content_type": 6,
        "codename": "view_session"
    }
},
{
    "model": "auth.permission",
    "pk": 25,
    "fields": {
        "name": "Can add administrador",
        "content_type": 7,
        "codename": "add_administrador"
    }
},
{
    "model": "auth.permission",
    "pk": 26,
    "fields": {
        "name": "Can change administrador",
        "content_type": 7,
        "codename": "change_administrador"
    }
},
{
    "model": "auth.permission",
    "pk": 27,
    "fields": {
        "name": "Can delete administrador",
        "content_type": 7,
        "codename": "delete_administrador"
    }
},
{
    "model": "auth.permission",
    "pk": 28,
    "fields": {
        "name": "Can view administrador",
        "content_type": 7,
        "codename": "view_administrador"
    }
},
{
    "model": "auth.permission",
    "pk": 29,
    "fields": {
        "name": "Can add participante",
        "content_type": 8,
        "codename": "add_participante"
    }
},
{
    "model": "auth.permission",
    "pk": 30,
    "fields": {
        "name": "Can change participante",
        "content_type": 8,
        "codename": "change_participante"
    }
},
{
    "model": "auth.permission",
    "pk": 31,
    "fields": {
        "name": "Can delete participante",
        "content_type": 8,
        "codename": "delete_participante"
    }
},
{
    "model": "auth.permission",
    "pk": 32,
    "fields": {
        "name": "Can view participante",
        "content_type": 8,
        "codename": "view_participante"
    }
},
{
    "model": "auth.permission",
    "pk": 33,
    "fields": {
        "name": "Can add usuario",
        "content_type": 9,
        "codename": "add_usuario"
    }
},
{
    "model": "auth.permission",
    "pk": 34,
    "fields": {
        "name": "Can change usuario",
        "content_type": 9,
        "codename": "change_usuario"
    }
},
{
    "model": "auth.permission",
    "pk": 35,
    "fields": {
        "name": "Can delete usuario",
        "content_type": 9,
        "codename": "delete_usuario"
    }
},
{
    "model": "auth.permission",
    "pk": 36,
    "fields": {
        "name": "Can view usuario",
        "content_type": 9,
        "codename": "view_usuario"
    }
},
{
    "model": "auth.permission",
    "pk": 37,
    "fields": {
        "name": "Can add concurso",
        "content_type": 10,
        "codename": "add_concurso"
    }
},
{
    "model": "auth.permission",
    "pk": 38,
    "fields": {
        "name": "Can change concurso",
        "content_type": 10,
        "codename": "change_concurso"
    }
},
{
    "model": "auth.permission",
    "pk": 39,
    "fields": {
        "name": "Can delete concurso",
        "content_type": 10,
        "codename": "delete_concurso"
    }
},
{
    "model": "auth.permission",
    "pk": 40,
    "fields": {
        "name": "Can view concurso",
        "content_type": 10,
        "codename": "view_concurso"
    }
},
{
    "model": "auth.permission",
    "pk": 41,
    "fields": {
        "name": "Can add asigna",
        "content_type": 11,
        "codename": "add_asigna"
    }
},
{
    "model": "auth.permission",
    "pk": 42,
    "fields": {
        "name": "Can change asigna",
        "content_type": 11,
        "codename": "change_asigna"
    }
},
{
    "model": "auth.permission",
    "pk": 43,
    "fields": {
        "name": "Can delete asigna",
        "content_type": 11,
        "codename": "delete_asigna"
    }
},
{
    "model": "auth.permission",
    "pk": 44,
    "fields": {
        "name": "Can view asigna",
        "content_type": 11,
        "codename": "view_asigna"
    }
},
{
    "model": "auth.permission",
    "pk": 45,
    "fields": {
        "name": "Can add jurado",
        "content_type": 12,
        "codename": "add_jurado"
    }
},
{
    "model": "auth.permission",
    "pk": 46,
    "fields": {
        "name": "Can change jurado",
        "content_type": 12,
        "codename": "change_jurado"
    }
},
{
    "model": "auth.permission",
    "pk": 47,
    "fields": {
        "name": "Can delete jurado",
        "content_type": 12,
        "codename": "delete_jurado"
    }
},
{
    "model": "auth.permission",
    "pk": 48,
    "fields": {
        "name": "Can view jurado",
        "content_type": 12,
        "codename": "view_jurado"
    }
},
{
    "model": "auth.permission",
    "pk": 49,
    "fields": {
        "name": "Can add evaluacion",
        "content_type": 13,
        "codename": "add_evaluacion"
    }
},
{
    "model": "auth.permission",
    "pk": 50,
    "fields": {
        "name": "Can change evaluacion",
        "content_type": 13,
        "codename": "change_evaluacion"
    }
},
{
    "model": "auth.permission",
    "pk": 51,
    "fields": {
        "name": "Can delete evaluacion",
        "content_type": 13,
        "codename": "delete_evaluacion"
    }
},
{
    "model": "auth.permission",
    "pk": 52,
    "fields": {
        "name": "Can view evaluacion",
        "content_type": 13,
        "codename": "view_evaluacion"
    }
},
{
    "model": "auth.permission",
    "pk": 53,
    "fields": {
        "name": "Can add notificacion",
        "content_type": 14,
        "codename": "add_notificacion"
    }
},
{
    "model": "auth.permission",
    "pk": 54,
    "fields": {
        "name": "Can change notificacion",
        "content_type": 14,
        "codename": "change_notificacion"
    }
},
{
    "model": "auth.permission",
    "pk": 55,
    "fields": {
        "name": "Can delete notificacion",
        "content_type": 14,
        "codename": "delete_notificacion"
    }
},
{
    "model": "auth.permission",
    "pk": 56,
    "fields": {
        "name": "Can view notificacion",
        "content_type": 14,
        "codename": "view_notificacion"
    }
},
{
    "model": "auth.permission",
    "pk": 57,
    "fields": {
        "name": "Can add inscribe",
        "content_type": 15,
        "codename": "add_inscribe"
    }
},
{
    "model": "auth.permission",
    "pk": 58,
    "fields": {
        "name": "Can change inscribe",
        "content_type": 15,
        "codename": "change_inscribe"
    }
},
{
    "model": "auth.permission",
    "pk": 59,
    "fields": {
        "name": "Can delete inscribe",
        "content_type": 15,
        "codename": "delete_inscribe"
    }
},
{
    "model": "auth.permission",
    "pk": 60,
    "fields": {
        "name": "Can view inscribe",
        "content_type": 15,
        "codename": "view_inscribe"
    }
},
{
    "model": "auth.permission",
    "pk": 61,
    "fields": {
        "name": "Can add trabajo",
        "content_type": 16,
        "codename": "add_trabajo"
    }
},
{
    "model": "auth.permission",
    "pk": 62,
    "fields": {
        "name": "Can change trabajo",
        "content_type": 16,
        "codename": "change_trabajo"
    }
},
{
    "model": "auth.permission",
    "pk": 63,
    "fields": {
        "name": "Can delete trabajo",
        "content_type": 16,
        "codename": "delete_trabajo"
    }
},
{
    "model": "auth.permission",
    "pk": 64,
    "fields": {
        "name": "Can view trabajo",
        "content_type": 16,
        "codename": "view_trabajo"
    }
},
{
    "model": "auth.permission",
    "pk": 65,
    "fields": {
        "name": "Can add recibe",
        "content_type": 17,
        "codename": "add_recibe"
    }
},
{
    "model": "auth.permission",
    "pk": 66,
    "fields": {
        "name": "Can change recibe",
        "content_type": 17,
        "codename": "change_recibe"
    }
},
{
    "model": "auth.permission",
    "pk": 67,
    "fields": {
        "name": "Can delete recibe",
        "content_type": 17,
        "codename": "delete_recibe"
    }
},
{
    "model": "auth.permission",
    "pk": 68,
    "fields": {
        "name": "Can view recibe",
        "content_type": 17,
        "codename": "view_recibe"
    }
},
{
    "model": "auth.permission",
    "pk": 69,
    "fields": {
        "name": "Can add perfil",
        "content_type": 18,
        "codename": "add_perfil"
    }
},
{
    "model": "auth.permission",
    "pk": 70,
    "fields": {
        "name": "Can change perfil",
        "content_type": 18,
        "codename": "change_perfil"
    }
},
{
    "model": "auth.permission",
    "pk": 71,
    "fields": {
        "name": "Can delete perfil",
        "content_type": 18,
        "codename": "delete_perfil"
    }
},
{
    "model": "auth.permission",
    "pk": 72,
    "fields": {
        "name": "Can view perfil",
        "content_type": 18,
        "codename": "view_perfil"
    }
},
{
    "model": "contenttypes.contenttype",
    "pk": 1,
    "fields": {
        "app_label": "admin",
        "model": "logentry"
    }
},
{
    "model": "contenttypes.contenttype",
    "pk": 2,
    "fields": {
        "app_label": "auth",
        "model": "permission"
    }
},
{
    "model": "contenttypes.contenttype",
    "pk": 3,
    "fields": {
        "app_label": "auth",
        "model": "group"
    }
},
{
    "model": "contenttypes.contenttype",
    "pk": 4,
    "fields": {
        "app_label": "auth",
        "model": "user"
    }
},
{
    "model": "contenttypes.contenttype",
    "pk": 5,
    "fields": {
        "app_label": "contenttypes",
        "model": "contenttype"
    }
},
{
    "model": "contenttypes.contenttype",
    "pk": 6,
    "fields": {
        "app_label": "sessions",
        "model": "session"
    }
},
{
    "model": "contenttypes.contenttype",
    "pk": 7,
    "fields": {
        "app_label": "Concursos_Online",
        "model": "administrador"
    }
},
{
    "model": "contenttypes.contenttype",
    "pk": 8,
    "fields": {
        "app_label": "Concursos_Online",
        "model": "participante"
    }
},
{
    "model": "contenttypes.contenttype",
    "pk": 9,
    "fields": {
        "app_label": "Concursos_Online",
        "model": "usuario"
    }
},
{
    "model": "contenttypes.contenttype",
    "pk": 10,
    "fields": {
        "app_label": "Concursos_Online",
        "model": "concurso"
    }
},
{
    "model": "contenttypes.contenttype",
    "pk": 11,
    "fields": {
        "app_label": "Concursos_Online",
        "model": "asigna"
    }
},
{
    "model": "contenttypes.contenttype",
    "pk": 12,
    "fields": {
        "app_label": "Concursos_Online",
        "model": "jurado"
    }
},
{
    "model": "contenttypes.contenttype",
    "pk": 13,
    "fields": {
        "app_label": "Concursos_Online",
        "model": "evaluacion"
    }
},
{
    "model": "contenttypes.contenttype",
    "pk": 14,
    "fields": {
        "app_label": "Concursos_Online",
        "model": "notificacion"
    }
},
{
    "model": "contenttypes.contenttype",
    "pk": 15,
    "fields": {
        "app_label": "Concursos_Online",
        "model": "inscribe"
    }
},
{
    "model": "contenttypes.contenttype",
    "pk": 16,
    "fields": {
        "app_label": "Concursos_Online",
        "model": "trabajo"
    }
},
{
    "model": "contenttypes.contenttype",
    "pk": 17,
    "fields": {
        "app_label": "Concursos_Online",
        "model": "recibe"
    }
},
{
    "model": "contenttypes.contenttype",
    "pk": 18,
    "fields": {
        "app_label": "Concursos_Online",
        "model": "perfil"
    }
},
{
    "model": "Concursos_Online.usuario",
    "pk": 1,
    "fields": {
        "nombre_usuario": "josefina16",
        "correo": "gasparalcala@example.net",
        "password": "w7fPKEkQ@w",
        "fecha_registro": "2025-11-30T14:58:57.894"
    }
},
{
    "model": "Concursos_Online.usuario",
    "pk": 2,
    "fields": {
        "nombre_usuario": "qsuarez",
        "correo": "gomismaximiano@example.com",
        "password": "0^b0^IRkv%",
        "fecha_registro": "2025-11-30T14:58:57.902"
    }
},
{
    "model": "Concursos_Online.usuario",
    "pk": 3,
    "fields": {
        "nombre_usuario": "fcisneros",
        "correo": "fernando93@example.com",
        "password": "x_4MhCMu%5",
        "fecha_registro": "2025-11-30T14:58:57.908"
    }
},
{
    "model": "Concursos_Online.usuario",
    "pk": 4,
    "fields": {
        "nombre_usuario": "eulalia94",
        "correo": "emelina53@example.net",
        "password": "KMA^6YQce@",
        "fecha_registro": "2025-11-30T14:58:57.913"
    }
},
{
    "model": "Concursos_Online.usuario",
    "pk": 5,
    "fields": {
        "nombre_usuario": "leopoldo62",
        "correo": "urbanochico@example.net",
        "password": "@D_3itBhS6",
        "fecha_registro": "2025-11-30T14:58:57.920"
    }
},
{
    "model": "Concursos_Online.usuario",
    "pk": 6,
    "fields": {
        "nombre_usuario": "alegrefelisa",
        "correo": "isaura86@example.org",
        "password": "+2zfSoGmyu",
        "fecha_registro": "2025-11-30T14:58:57.926"
    }
},
{
    "model": "Concursos_Online.usuario",
    "pk": 7,
    "fields": {
        "nombre_usuario": "julieta47",
        "correo": "dora89@example.org",
        "password": "g3f5^GQ1@Y",
        "fecha_registro": "2025-11-30T14:58:57.932"
    }
},
{
    "model": "Concursos_Online.usuario",
    "pk": 8,
    "fields": {
        "nombre_usuario": "eva-maria74",
        "correo": "allermanuela@example.org",
        "password": "uX2NgJXgF!",
        "fecha_registro": "2025-11-30T14:58:57.937"
    }
},
{
    "model": "Concursos_Online.usuario",
    "pk": 9,
    "fields": {
        "nombre_usuario": "gpadilla",
        "correo": "xgaray@example.org",
        "password": "_0EmSe6qip",
        "fecha_registro": "2025-11-30T14:58:57.943"
    }
},
{
    "model": "Concursos_Online.usuario",
    "pk": 10,
    "fields": {
        "nombre_usuario": "mosqueracandelario",
        "correo": "imelda30@example.org",
        "password": "$dHyi7fzu4",
        "fecha_registro": "2025-11-30T14:58:57.949"
    }
},
{
    "model": "Concursos_Online.usuario",
    "pk": 11,
    "fields": {
        "nombre_usuario": "victorino50",
        "correo": "jose-ramon44@example.com",
        "password": "+70C3OlGFk",
        "fecha_registro": "2025-11-30T14:58:57.954"
    }
},
{
    "model": "Concursos_Online.usuario",
    "pk": 12,
    "fields": {
        "nombre_usuario": "estevewilfredo",
        "correo": "araujocayetano@example.com",
        "password": "J!@8VOky*A",
        "fecha_registro": "2025-11-30T14:58:57.959"
    }
},
{
    "model": "Concursos_Online.usuario",
    "pk": 13,
    "fields": {
        "nombre_usuario": "encarnacion93",
        "correo": "bernalsaturnino@example.org",
        "password": "(5pSvOb_%p",
        "fecha_registro": "2025-11-30T14:58:57.965"
    }
},
{
    "model": "Concursos_Online.usuario",
    "pk": 14,
    "fields": {
        "nombre_usuario": "florindarodenas",
        "correo": "tatianamayoral@example.org",
        "password": "SUMbDWw%!2",
        "fecha_registro": "2025-11-30T14:58:57.970"
    }
},
{
    "model": "Concursos_Online.usuario",
    "pk": 15,
    "fields": {
        "nombre_usuario": "tejerajovita",
        "correo": "andreslupita@example.net",
        "password": "xI_4ERClpY",
        "fecha_registro": "2025-11-30T14:58:57.976"
    }
},
{
    "model": "Concursos_Online.usuario",
    "pk": 16,
    "fields": {
        "nombre_usuario": "nebotconstanza",
        "correo": "somozabuenaventura@example.com",
        "password": "+MW2bWhyz!",
        "fecha_registro": "2025-11-30T14:58:57.982"
    }
},
{
    "model": "Concursos_Online.usuario",
    "pk": 17,
    "fields": {
        "nombre_usuario": "custodiamuniz",
        "correo": "jaime71@example.com",
        "password": ")uy93EJ+u@",
        "fecha_registro": "2025-11-30T14:58:57.988"
    }
},
{
    "model": "Concursos_Online.usuario",
    "pk": 18,
    "fields": {
        "nombre_usuario": "onofre45",
        "correo": "marta78@example.com",
        "password": "Oy)&O2XpwQ",
        "fecha_registro": "2025-11-30T14:58:57.994"
    }
},
{
    "model": "Concursos_Online.usuario",
    "pk": 19,
    "fields": {
        "nombre_usuario": "flor16",
        "correo": "javiera68@example.com",
        "password": "+9^y32KjL9",
        "fecha_registro": "2025-11-30T14:58:57.999"
    }
},
{
    "model": "Concursos_Online.usuario",
    "pk": 20,
    "fields": {
        "nombre_usuario": "karagones",
        "correo": "lcasado@example.net",
        "password": "mYXk@in(_4",
        "fecha_registro": "2025-11-30T14:58:58.005"
    }
},
{
    "model": "Concursos_Online.usuario",
    "pk": 21,
    "fields": {
        "nombre_usuario": "vquiroga",
        "correo": "arrietaaroa@example.net",
        "password": "$1DgYwvPG_",
        "fecha_registro": "2025-11-30T14:58:58.011"
    }
},
{
    "model": "Concursos_Online.usuario",
    "pk": 22,
    "fields": {
        "nombre_usuario": "adriana54",
        "correo": "filomenamacias@example.com",
        "password": "^dI7@QZPs*",
        "fecha_registro": "2025-11-30T14:58:58.017"
    }
},
{
    "model": "Concursos_Online.usuario",
    "pk": 23,
    "fields": {
        "nombre_usuario": "maristelaruiz",
        "correo": "vasco33@example.org",
        "password": "0m2m#Cqh*k",
        "fecha_registro": "2025-11-30T14:58:58.023"
    }
},
{
    "model": "Concursos_Online.usuario",
    "pk": 24,
    "fields": {
        "nombre_usuario": "palomanieto",
        "correo": "silvestreclemente@example.org",
        "password": "^ZAc2qsn0$",
        "fecha_registro": "2025-11-30T14:58:58.029"
    }
},
{
    "model": "Concursos_Online.usuario",
    "pk": 25,
    "fields": {
        "nombre_usuario": "eliseo64",
        "correo": "maricelatolosa@example.com",
        "password": "o6uODcx+^1",
        "fecha_registro": "2025-11-30T14:58:58.035"
    }
},
{
    "model": "Concursos_Online.usuario",
    "pk": 26,
    "fields": {
        "nombre_usuario": "epallares",
        "correo": "primitiva52@example.com",
        "password": "kP+97QRdD+",
        "fecha_registro": "2025-11-30T14:58:58.042"
    }
},
{
    "model": "Concursos_Online.usuario",
    "pk": 27,
    "fields": {
        "nombre_usuario": "marcelozamora",
        "correo": "aguileracarmela@example.org",
        "password": "AgXR)ihY(4",
        "fecha_registro": "2025-11-30T14:58:58.048"
    }
},
{
    "model": "Concursos_Online.usuario",
    "pk": 28,
    "fields": {
        "nombre_usuario": "victor79",
        "correo": "victorcastello@example.org",
        "password": "_F90K5Ci*s",
        "fecha_registro": "2025-11-30T14:58:58.055"
    }
},
{
    "model": "Concursos_Online.usuario",
    "pk": 29,
    "fields": {
        "nombre_usuario": "agueda40",
        "correo": "estevezemperatriz@example.net",
        "password": "p$4uk+ScU1",
        "fecha_registro": "2025-11-30T14:58:58.060"
    }
},
{
    "model": "Concursos_Online.usuario",
    "pk": 30,
    "fields": {
        "nombre_usuario": "huertaisabela",
        "correo": "miguel65@example.org",
        "password": "qt0AJxXb#@",
        "fecha_registro": "2025-11-30T14:58:58.066"
    }
},
{
    "model": "Concursos_Online.usuario",
    "pk": 31,
    "fields": {
        "nombre_usuario": "Usuario_004",
        "correo": "prueba4@gmail.com",
        "password": "12345678",
        "fecha_registro": "2025-11-30T15:07:29.570"
    }
},
{
    "model": "Concursos_Online.usuario",
    "pk": 32,
    "fields": {
        "nombre_usuario": "Cristiano",
        "correo": "cristianoronaldo@gmail.com",
        "password": "12345678",
        "fecha_registro": "2025-11-30T15:10:19.304"
    }
},
{
    "model": "Concursos_Online.usuario",
    "pk": 33,
    "fields": {
        "nombre_usuario": "Paco",
        "correo": "paco@gmail.com",
        "password": "12345678",
        "fecha_registro": "2025-11-30T15:12:52.179"
    }
},
{
    "model": "Concursos_Online.usuario",
    "pk": 34,
    "fields": {
        "nombre_usuario": "Usuario_005",
        "correo": "prueba5@gmail.com",
        "password": "12345678",
        "fecha_registro": "2025-11-30T16:39:51.861"
    }
},
{
    "model": "Concursos_Online.perfil",
    "pk": 1,
    "fields": {
        "usuario": 1,
        "nombre_completo": "León Suarez Mendoza",
        "biografia": "Decisión modo crisis diversos a momento. Está carta nosotros dan parecía puntos del.\r\nCapaz aparece ningún antes. Eso medida hombres julio sociedad posición hacerlo. Llama mayores situación población.",
        "fecha_nacimiento": "1975-01-15",
        "imagen_perfil": ""
    }
},
{
    "model": "Concursos_Online.perfil",
    "pk": 2,
    "fields": {
        "usuario": 2,
        "nombre_completo": "Gil Pozo-Ropero",
        "biografia": "Universidad cargo memoria pedro respecto. Partido tenía ese esto texto. Primero sus toma.",
        "fecha_nacimiento": "2001-01-01",
        "imagen_perfil": "usuarios/default.jpg"
    }
},
{
    "model": "Concursos_Online.perfil",
    "pk": 3,
    "fields": {
        "usuario": 3,
        "nombre_completo": "Jordana Fabra Blanco",
        "biografia": "Falta e seguro estados autor. Aquellos aumento especialmente aún mejor. Contrario iba servicio línea área le.",
        "fecha_nacimiento": "1958-04-28",
        "imagen_perfil": "usuarios/default.jpg"
    }
},
{
    "model": "Concursos_Online.perfil",
    "pk": 4,
    "fields": {
        "usuario": 4,
        "nombre_completo": "Tomasa Valderrama Esteban",
        "biografia": "Primer muchas hablar tratamiento. Fueron española propuesta. Universidad bien calidad idea respecto fueron aunque.\nUsted no siguiente partido. Vida propio trabajar españoles sociedad menos.",
        "fecha_nacimiento": "1974-01-09",
        "imagen_perfil": "usuarios/default.jpg"
    }
},
{
    "model": "Concursos_Online.perfil",
    "pk": 5,
    "fields": {
        "usuario": 5,
        "nombre_completo": "José Mari Gutierrez Carlos",
        "biografia": "Puede cuestión consecuencia espera presente tipo después. Juicio fue ningún precisamente parecía.",
        "fecha_nacimiento": "1961-09-22",
        "imagen_perfil": "usuarios/default.jpg"
    }
},
{
    "model": "Concursos_Online.perfil",
    "pk": 7,
    "fields": {
        "usuario": 7,
        "nombre_completo": "Teo Madrigal Burgos",
        "biografia": "Cara felipe dios diferentes distintos. País siempre acción ve unidos todo has ir. Existe unidad méxico puedo momentos.\nEconomía deben evitar millones. Figura dio respuesta mejores.",
        "fecha_nacimiento": "1991-09-14",
        "imagen_perfil": "usuarios/default.jpg"
    }
},
{
    "model": "Concursos_Online.perfil",
    "pk": 8,
    "fields": {
        "usuario": 8,
        "nombre_completo": "Che Cerdá-Vidal",
        "biografia": "Abril control realizar ese llegó. Tenía minutos real sabe como veces.\nPasa servicios eso diversas energía. Tal nuevo reforma carne.",
        "fecha_nacimiento": "1983-09-22",
        "imagen_perfil": "usuarios/default.jpg"
    }
},
{
    "model": "Concursos_Online.perfil",
    "pk": 9,
    "fields": {
        "usuario": 9,
        "nombre_completo": "Ainara Escolano Alcalá",
        "biografia": "María nuestros enero internacional.\nÚltimos esa política poder algo méxico. Españoles habla crisis toma. Lugar cerca calidad derecha.",
        "fecha_nacimiento": "1974-11-17",
        "imagen_perfil": "usuarios/default.jpg"
    }
},
{
    "model": "Concursos_Online.perfil",
    "pk": 10,
    "fields": {
        "usuario": 10,
        "nombre_completo": "Moisés del Espada",
        "biografia": "Quizá fuego derecha entrada los. Su puerta hora posible análisis hombres poder.\nComún flores tierra junio.",
        "fecha_nacimiento": "1971-11-29",
        "imagen_perfil": "usuarios/default.jpg"
    }
},
{
    "model": "Concursos_Online.perfil",
    "pk": 11,
    "fields": {
        "usuario": 11,
        "nombre_completo": "René de Guerrero",
        "biografia": "Paciente torno volvió dirección tres. Libro información sabe.\nPrimer sin evitar tipos actual muy. Estas apenas centros título capital difícil.",
        "fecha_nacimiento": "1969-03-03",
        "imagen_perfil": "usuarios/default.jpg"
    }
},
{
    "model": "Concursos_Online.perfil",
    "pk": 12,
    "fields": {
        "usuario": 12,
        "nombre_completo": "Juan Malo Salamanca",
        "biografia": "Importante ellos acerca días siendo. Movimiento varios técnica eso fácil quiere aquel.\nAnimales sobre quiero don capital muchos. Siempre parece militar suficiente durante finalmente parís. Un solo n.",
        "fecha_nacimiento": "1970-07-25",
        "imagen_perfil": "usuarios/default.jpg"
    }
},
{
    "model": "Concursos_Online.perfil",
    "pk": 13,
    "fields": {
        "usuario": 13,
        "nombre_completo": "Olimpia Lilia Huerta Villalonga",
        "biografia": "Pedro acciones orden has libre centro resulta. López reunión tierra cuenta. Oficial grupo españa presencia fernando siglo.",
        "fecha_nacimiento": "1971-09-22",
        "imagen_perfil": "usuarios/default.jpg"
    }
},
{
    "model": "Concursos_Online.perfil",
    "pk": 14,
    "fields": {
        "usuario": 14,
        "nombre_completo": "Severino Barragán Rovira",
        "biografia": "Miguel cuenta señora final. Dios proyectos voy cabeza políticos. Haciendo causa tal comunidad.\nLa cómo domingo fiscal. Va autor hubo tienen estados. Nuevo razones escuela director joven.",
        "fecha_nacimiento": "1975-07-07",
        "imagen_perfil": "usuarios/default.jpg"
    }
},
{
    "model": "Concursos_Online.perfil",
    "pk": 15,
    "fields": {
        "usuario": 15,
        "nombre_completo": "Bruno Galvez Jódar",
        "biografia": "Comunicación voy formación contra salida. Tiene mayor nombre primer. Españoles desde nuevo mar cada francia.",
        "fecha_nacimiento": "1970-01-07",
        "imagen_perfil": "usuarios/default.jpg"
    }
},
{
    "model": "Concursos_Online.perfil",
    "pk": 16,
    "fields": {
        "usuario": 16,
        "nombre_completo": "Darío Cañete Ferrer",
        "biografia": "Evitar calidad debido fondo cama ser consumo. Momento entrada frente victoria todavía papel españoles.",
        "fecha_nacimiento": "1970-07-30",
        "imagen_perfil": "usuarios/default.jpg"
    }
},
{
    "model": "Concursos_Online.perfil",
    "pk": 17,
    "fields": {
        "usuario": 17,
        "nombre_completo": "Primitiva Conde-Juliá",
        "biografia": "Cabeza fernando dentro cantidad pesar. Encuentro tenía tomar lópez suelo.",
        "fecha_nacimiento": "1958-04-14",
        "imagen_perfil": "usuarios/default.jpg"
    }
},
{
    "model": "Concursos_Online.perfil",
    "pk": 18,
    "fields": {
        "usuario": 18,
        "nombre_completo": "Claudia Ramirez Sobrino",
        "biografia": "Conjunto formas familia empresa un ninguna. Técnica nuevos hechos.\nExiste políticos fútbol universidad principal. Aspecto haya especial español recuerdo.",
        "fecha_nacimiento": "1972-07-08",
        "imagen_perfil": "usuarios/default.jpg"
    }
},
{
    "model": "Concursos_Online.perfil",
    "pk": 19,
    "fields": {
        "usuario": 19,
        "nombre_completo": "Saturnina Mata Casanovas",
        "biografia": "Saber función maría segundo. Derecho parecía posición mucho. Defensa fuerte diferentes fueron.\nFueron chile oro como mantener habla esto. Ella nuestras propio.",
        "fecha_nacimiento": "1993-11-27",
        "imagen_perfil": "usuarios/default.jpg"
    }
},
{
    "model": "Concursos_Online.perfil",
    "pk": 20,
    "fields": {
        "usuario": 20,
        "nombre_completo": "Victoria Bejarano-Fernández",
        "biografia": "Rey manuel usted cuarto. G plan material plaza fueron tendrá.\nDebe sus campo voluntad electoral armas. Industria pesar incluso hemos energía.",
        "fecha_nacimiento": "1973-08-28",
        "imagen_perfil": "usuarios/default.jpg"
    }
},
{
    "model": "Concursos_Online.perfil",
    "pk": 21,
    "fields": {
        "usuario": 21,
        "nombre_completo": "Julieta Juanita Calleja Gallo",
        "biografia": "Dolor estilo decisión tener sur. País pronto políticos hora realizar. Queda mientras aunque reforma.\nHace una área el ejército poder ocho. Total nuestra josé aparece diferencia días junio.",
        "fecha_nacimiento": "1963-10-08",
        "imagen_perfil": "usuarios/default.jpg"
    }
},
{
    "model": "Concursos_Online.perfil",
    "pk": 22,
    "fields": {
        "usuario": 22,
        "nombre_completo": "Máxima Castells Cueto",
        "biografia": "Mira derecha nuestro ejemplo mismo dentro señor. Alta crisis máximo especialmente premio conocimiento gente.\nUno va son pasó mira acto. Ante una gobierno todavía amor habría.",
        "fecha_nacimiento": "1963-04-25",
        "imagen_perfil": "usuarios/default.jpg"
    }
},
{
    "model": "Concursos_Online.perfil",
    "pk": 23,
    "fields": {
        "usuario": 23,
        "nombre_completo": "Carmela del Zapata",
        "biografia": "Control posibilidad muy sean posibilidades economía. Social ser ejemplo corazón director. Estado tarde popular.\nLibertad tratamiento estas.",
        "fecha_nacimiento": "1956-04-05",
        "imagen_perfil": "usuarios/default.jpg"
    }
},
{
    "model": "Concursos_Online.perfil",
    "pk": 24,
    "fields": {
        "usuario": 24,
        "nombre_completo": "Felipe Garriga Marquez",
        "biografia": "Contenido diciembre consumo nuestros manuel. Hacer santiago acerca jefe chile país enfermedad siquiera.\nDinero decisión encontrar flores rafael interior quería. Jefe zonas obra movimiento cosas.",
        "fecha_nacimiento": "2001-04-15",
        "imagen_perfil": "usuarios/default.jpg"
    }
},
{
    "model": "Concursos_Online.perfil",
    "pk": 25,
    "fields": {
        "usuario": 25,
        "nombre_completo": "Antonia Naranjo Serra",
        "biografia": "Ver nada iglesia maría buena primeras algunas. Interior productos estilo europea ellos.\nCultural rosa sola. Pablo todo francisco. Trabajo mal siete niveles particular decía.",
        "fecha_nacimiento": "1975-12-02",
        "imagen_perfil": "usuarios/default.jpg"
    }
},
{
    "model": "Concursos_Online.perfil",
    "pk": 26,
    "fields": {
        "usuario": 26,
        "nombre_completo": "Macarena Quirós Portero",
        "biografia": "Valores acuerdo atención atrás pensar hace baja. Francia sin ejército desde deseo. Voy color ocasiones estados.",
        "fecha_nacimiento": "1962-06-19",
        "imagen_perfil": "usuarios/default.jpg"
    }
},
{
    "model": "Concursos_Online.perfil",
    "pk": 27,
    "fields": {
        "usuario": 27,
        "nombre_completo": "Malena Guerra",
        "biografia": "Próximo natural centros muerte existencia. Señora españa asunto pasa fue dar marcha.\nLas paso instituciones pie. Común carácter nivel.",
        "fecha_nacimiento": "2006-04-12",
        "imagen_perfil": "usuarios/default.jpg"
    }
},
{
    "model": "Concursos_Online.perfil",
    "pk": 28,
    "fields": {
        "usuario": 28,
        "nombre_completo": "Baltasar de Torralba",
        "biografia": "Reunión adelante origen tarde hombres dinero. Animales pablo ellos marco gracias jóvenes fiscal.\nD natural mientras otros. Como respecto plaza acuerdo horas hora. Democracia cara iglesia actual.",
        "fecha_nacimiento": "1985-12-15",
        "imagen_perfil": "usuarios/default.jpg"
    }
},
{
    "model": "Concursos_Online.perfil",
    "pk": 29,
    "fields": {
        "usuario": 29,
        "nombre_completo": "Marcos Blasco Iglesias",
        "biografia": "Él salir luego llamado francia. Cultural encontrar año estaba imagen. Dios sino difícil objeto crisis j momentos.",
        "fecha_nacimiento": "1977-01-11",
        "imagen_perfil": "usuarios/default.jpg"
    }
},
{
    "model": "Concursos_Online.perfil",
    "pk": 30,
    "fields": {
        "usuario": 30,
        "nombre_completo": "Isa del Corominas",
        "biografia": "Manuel estamos por él españoles noviembre media. Agua finalmente número aspecto puedo. Esa y conjunto armas mismo. Acerca aire domingo nosotros estilo plazo cuerpo.",
        "fecha_nacimiento": "1973-05-30",
        "imagen_perfil": "usuarios/default.jpg"
    }
},
{
    "model": "Concursos_Online.perfil",
    "pk": 32,
    "fields": {
        "usuario": 32,
        "nombre_completo": "Cristiano Ronaldo",
        "biografia": "siuuuuuuuuuuuuu",
        "fecha_nacimiento": "1985-02-05",
        "imagen_perfil": "usuarios/prueba_3.webp"
    }
},
{
    "model": "Concursos_Online.perfil",
    "pk": 33,
    "fields": {
        "usuario": 33,
        "nombre_completo": "Paco paco",
        "biografia": "hola soy paco",
        "fecha_nacimiento": "2001-12-12",
        "imagen_perfil": "usuarios/prueba_2.jpeg"
    }
},
{
    "model": "Concursos_Online.jurado",
    "pk": 1,
    "fields": {
        "usuario": 7,
        "experiencia": 1,
        "especialidad": "Tasador",
        "disponible": true,
        "puntuacion_media": "8.98"
    }
},
{
    "model": "Concursos_Online.jurado",
    "pk": 2,
    "fields": {
        "usuario": 17,
        "experiencia": 9,
        "especialidad": "Ebanista",
        "disponible": true,
        "puntuacion_media": "4.00"
    }
},
{
    "model": "Concursos_Online.jurado",
    "pk": 3,
    "fields": {
        "usuario": 9,
        "experiencia": 4,
        "especialidad": "Impresor",
        "disponible": true,
        "puntuacion_media": "3.51"
    }
},
{
    "model": "Concursos_Online.jurado",
    "pk": 4,
    "fields": {
        "usuario": 22,
        "experiencia": 2,
        "especialidad": "Optometrista",
        "disponible": true,
        "puntuacion_media": "5.55"
    }
},
{
    "model": "Concursos_Online.jurado",
    "pk": 5,
    "fields": {
        "usuario": 5,
        "experiencia": 7,
        "especialidad": "Operador de instalaciones de producción de energía",
        "disponible": true,
        "puntuacion_media": "3.56"
    }
},
{
    "model": "Concursos_Online.participante",
    "pk": 1,
    "fields": {
        "usuario": 25,
        "alias": "begonaarteaga",
        "edad": 44,
        "nivel": 1,
        "puntuacion_total": "51.01"
    }
},
{
    "model": "Concursos_Online.participante",
    "pk": 2,
    "fields": {
        "usuario": 14,
        "alias": "brigida26",
        "edad": 56,
        "nivel": 1,
        "puntuacion_total": "8.09"
    }
},
{
    "model": "Concursos_Online.participante",
    "pk": 3,
    "fields": {
        "usuario": 13,
        "alias": "dcampoy",
        "edad": 60,
        "nivel": 5,
        "puntuacion_total": "59.98"
    }
},
{
    "model": "Concursos_Online.participante",
    "pk": 4,
    "fields": {
        "usuario": 10,
        "alias": "vivesprimitiva",
        "edad": 35,
        "nivel": 5,
        "puntuacion_total": "30.60"
    }
},
{
    "model": "Concursos_Online.participante",
    "pk": 5,
    "fields": {
        "usuario": 1,
        "alias": "rufina70",
        "edad": 38,
        "nivel": 1,
        "puntuacion_total": "86.43"
    }
},
{
    "model": "Concursos_Online.participante",
    "pk": 6,
    "fields": {
        "usuario": 18,
        "alias": "alonso18",
        "edad": 23,
        "nivel": 1,
        "puntuacion_total": "3.67"
    }
},
{
    "model": "Concursos_Online.participante",
    "pk": 7,
    "fields": {
        "usuario": 3,
        "alias": "monica63",
        "edad": 41,
        "nivel": 3,
        "puntuacion_total": "44.21"
    }
},
{
    "model": "Concursos_Online.participante",
    "pk": 8,
    "fields": {
        "usuario": 11,
        "alias": "patricio21",
        "edad": 57,
        "nivel": 2,
        "puntuacion_total": "78.22"
    }
},
{
    "model": "Concursos_Online.participante",
    "pk": 9,
    "fields": {
        "usuario": 4,
        "alias": "hduque",
        "edad": 42,
        "nivel": 4,
        "puntuacion_total": "29.78"
    }
},
{
    "model": "Concursos_Online.participante",
    "pk": 10,
    "fields": {
        "usuario": 24,
        "alias": "ana-sofiaverdugo",
        "edad": 53,
        "nivel": 4,
        "puntuacion_total": "70.26"
    }
},
{
    "model": "Concursos_Online.administrador",
    "pk": 1,
    "fields": {
        "usuario": 29,
        "area_responsable": "Miembro del poder legislativo",
        "activo": true,
        "fecha_asignacion": "2025-11-30T14:58:58.263",
        "horario_disponible": "03:17:00"
    }
},
{
    "model": "Concursos_Online.administrador",
    "pk": 2,
    "fields": {
        "usuario": 21,
        "area_responsable": "Matemático",
        "activo": true,
        "fecha_asignacion": "2025-11-30T14:58:58.269",
        "horario_disponible": "01:29:26"
    }
},
{
    "model": "Concursos_Online.administrador",
    "pk": 3,
    "fields": {
        "usuario": 26,
        "area_responsable": "Reparador de bicicletas",
        "activo": true,
        "fecha_asignacion": "2025-11-30T14:58:58.275",
        "horario_disponible": "14:56:53"
    }
},
{
    "model": "Concursos_Online.notificacion",
    "pk": 1,
    "fields": {
        "autor": 1,
        "titulo": "Derechos necesidad capacidad conocimiento.",
        "mensaje": "Octubre últimos democracia europea nadie deben. Recursos algunas sobre pasa solo ellas hijo. Actividad finalmente familia primera aparece.",
        "fecha_envio": "2025-11-30T14:58:58.756"
    }
},
{
    "model": "Concursos_Online.notificacion",
    "pk": 2,
    "fields": {
        "autor": 1,
        "titulo": "Familia negro cuales.",
        "mensaje": "Parte sociedad vida imagen aire asunto todavía.\nLibro principios todos existen. Director dólares mujeres materia.",
        "fecha_envio": "2025-11-30T14:58:58.793"
    }
},
{
    "model": "Concursos_Online.notificacion",
    "pk": 3,
    "fields": {
        "autor": 2,
        "titulo": "Energía sangre miguel mantener.",
        "mensaje": "Comenzó encuentro don político todas profesional. Casos siempre esa espera. Pasar carne difícil marcha tres casos.",
        "fecha_envio": "2025-11-30T14:58:58.830"
    }
},
{
    "model": "Concursos_Online.notificacion",
    "pk": 4,
    "fields": {
        "autor": 2,
        "titulo": "Universidad ni soy espacio.",
        "mensaje": "Cabo esto propio negro. Llama hombre alguna año serán saber cambios resulta. Sea cierto banco pueblo antonio debido.",
        "fecha_envio": "2025-11-30T14:58:58.863"
    }
},
{
    "model": "Concursos_Online.notificacion",
    "pk": 5,
    "fields": {
        "autor": 3,
        "titulo": "Les efectos instituciones plaza nadie opinión.",
        "mensaje": "Apenas función imágenes eso puedo dentro. Ni después derecha generales.",
        "fecha_envio": "2025-11-30T14:58:58.898"
    }
},
{
    "model": "Concursos_Online.notificacion",
    "pk": 6,
    "fields": {
        "autor": 3,
        "titulo": "Diferencia siendo capital obras cuerpo.",
        "mensaje": "México internacional asimismo día sola. Relación riesgo medida razones. Campo llevar enero.",
        "fecha_envio": "2025-11-30T14:58:58.934"
    }
},
{
    "model": "Concursos_Online.recibe",
    "pk": 1,
    "fields": {
        "usuario": 28,
        "notificacion": 1,
        "estado": "EN",
        "fecha_recepcion": "2025-11-30T14:58:58.763"
    }
},
{
    "model": "Concursos_Online.recibe",
    "pk": 2,
    "fields": {
        "usuario": 11,
        "notificacion": 1,
        "estado": "EN",
        "fecha_recepcion": "2025-11-30T14:58:58.769"
    }
},
{
    "model": "Concursos_Online.recibe",
    "pk": 3,
    "fields": {
        "usuario": 27,
        "notificacion": 1,
        "estado": "EN",
        "fecha_recepcion": "2025-11-30T14:58:58.775"
    }
},
{
    "model": "Concursos_Online.recibe",
    "pk": 4,
    "fields": {
        "usuario": 19,
        "notificacion": 1,
        "estado": "EN",
        "fecha_recepcion": "2025-11-30T14:58:58.781"
    }
},
{
    "model": "Concursos_Online.recibe",
    "pk": 5,
    "fields": {
        "usuario": 30,
        "notificacion": 1,
        "estado": "EN",
        "fecha_recepcion": "2025-11-30T14:58:58.787"
    }
},
{
    "model": "Concursos_Online.recibe",
    "pk": 6,
    "fields": {
        "usuario": 28,
        "notificacion": 2,
        "estado": "PE",
        "fecha_recepcion": "2025-11-30T14:58:58.798"
    }
},
{
    "model": "Concursos_Online.recibe",
    "pk": 7,
    "fields": {
        "usuario": 16,
        "notificacion": 2,
        "estado": "EN",
        "fecha_recepcion": "2025-11-30T14:58:58.805"
    }
},
{
    "model": "Concursos_Online.recibe",
    "pk": 8,
    "fields": {
        "usuario": 25,
        "notificacion": 2,
        "estado": "PE",
        "fecha_recepcion": "2025-11-30T14:58:58.811"
    }
},
{
    "model": "Concursos_Online.recibe",
    "pk": 9,
    "fields": {
        "usuario": 20,
        "notificacion": 2,
        "estado": "PE",
        "fecha_recepcion": "2025-11-30T14:58:58.817"
    }
},
{
    "model": "Concursos_Online.recibe",
    "pk": 10,
    "fields": {
        "usuario": 1,
        "notificacion": 2,
        "estado": "EN",
        "fecha_recepcion": "2025-11-30T14:58:58.823"
    }
},
{
    "model": "Concursos_Online.recibe",
    "pk": 11,
    "fields": {
        "usuario": 6,
        "notificacion": 3,
        "estado": "EN",
        "fecha_recepcion": "2025-11-30T14:58:58.835"
    }
},
{
    "model": "Concursos_Online.recibe",
    "pk": 12,
    "fields": {
        "usuario": 30,
        "notificacion": 3,
        "estado": "PE",
        "fecha_recepcion": "2025-11-30T14:58:58.841"
    }
},
{
    "model": "Concursos_Online.recibe",
    "pk": 13,
    "fields": {
        "usuario": 14,
        "notificacion": 3,
        "estado": "PE",
        "fecha_recepcion": "2025-11-30T14:58:58.846"
    }
},
{
    "model": "Concursos_Online.recibe",
    "pk": 14,
    "fields": {
        "usuario": 16,
        "notificacion": 3,
        "estado": "PE",
        "fecha_recepcion": "2025-11-30T14:58:58.852"
    }
},
{
    "model": "Concursos_Online.recibe",
    "pk": 15,
    "fields": {
        "usuario": 10,
        "notificacion": 3,
        "estado": "PE",
        "fecha_recepcion": "2025-11-30T14:58:58.857"
    }
},
{
    "model": "Concursos_Online.recibe",
    "pk": 16,
    "fields": {
        "usuario": 29,
        "notificacion": 4,
        "estado": "PE",
        "fecha_recepcion": "2025-11-30T14:58:58.869"
    }
},
{
    "model": "Concursos_Online.recibe",
    "pk": 17,
    "fields": {
        "usuario": 1,
        "notificacion": 4,
        "estado": "EN",
        "fecha_recepcion": "2025-11-30T14:58:58.874"
    }
},
{
    "model": "Concursos_Online.recibe",
    "pk": 18,
    "fields": {
        "usuario": 19,
        "notificacion": 4,
        "estado": "PE",
        "fecha_recepcion": "2025-11-30T14:58:58.880"
    }
},
{
    "model": "Concursos_Online.recibe",
    "pk": 19,
    "fields": {
        "usuario": 9,
        "notificacion": 4,
        "estado": "EN",
        "fecha_recepcion": "2025-11-30T14:58:58.885"
    }
},
{
    "model": "Concursos_Online.recibe",
    "pk": 20,
    "fields": {
        "usuario": 22,
        "notificacion": 4,
        "estado": "EN",
        "fecha_recepcion": "2025-11-30T14:58:58.891"
    }
},
{
    "model": "Concursos_Online.recibe",
    "pk": 21,
    "fields": {
        "usuario": 4,
        "notificacion": 5,
        "estado": "EN",
        "fecha_recepcion": "2025-11-30T14:58:58.903"
    }
},
{
    "model": "Concursos_Online.recibe",
    "pk": 22,
    "fields": {
        "usuario": 15,
        "notificacion": 5,
        "estado": "EN",
        "fecha_recepcion": "2025-11-30T14:58:58.909"
    }
},
{
    "model": "Concursos_Online.recibe",
    "pk": 23,
    "fields": {
        "usuario": 12,
        "notificacion": 5,
        "estado": "PE",
        "fecha_recepcion": "2025-11-30T14:58:58.915"
    }
},
{
    "model": "Concursos_Online.recibe",
    "pk": 24,
    "fields": {
        "usuario": 22,
        "notificacion": 5,
        "estado": "EN",
        "fecha_recepcion": "2025-11-30T14:58:58.922"
    }
},
{
    "model": "Concursos_Online.recibe",
    "pk": 25,
    "fields": {
        "usuario": 23,
        "notificacion": 5,
        "estado": "EN",
        "fecha_recepcion": "2025-11-30T14:58:58.928"
    }
},
{
    "model": "Concursos_Online.recibe",
    "pk": 26,
    "fields": {
        "usuario": 8,
        "notificacion": 6,
        "estado": "EN",
        "fecha_recepcion": "2025-11-30T14:58:58.940"
    }
},
{
    "model": "Concursos_Online.recibe",
    "pk": 27,
    "fields": {
        "usuario": 15,
        "notificacion": 6,
        "estado": "EN",
        "fecha_recepcion": "2025-11-30T14:58:58.945"
    }
},
{
    "model": "Concursos_Online.recibe",
    "pk": 28,
    "fields": {
        "usuario": 11,
        "notificacion": 6,
        "estado": "PE",
        "fecha_recepcion": "2025-11-30T14:58:58.951"
    }
},
{
    "model": "Concursos_Online.recibe",
    "pk": 29,
    "fields": {
        "usuario": 12,
        "notificacion": 6,
        "estado": "EN",
        "fecha_recepcion": "2025-11-30T14:58:58.956"
    }
},
{
    "model": "Concursos_Online.recibe",
    "pk": 30,
    "fields": {
        "usuario": 28,
        "notificacion": 6,
        "estado": "PE",
        "fecha_recepcion": "2025-11-30T14:58:58.962"
    }
},
{
    "model": "Concursos_Online.concurso",
    "pk": 1,
    "fields": {
        "nombre": "Concurso 1: Energía",
        "descripcion": "Popular están problema llega. Derechos países cuenta partido son.\nPúblico nacional asunto conocimiento creo menor fernando. Equipo visto área un veces grande económica casos. Ese tiempo mayo igual lenguaje.\nSociedad así o mientras mayo n por. Éxito buenos empresa unos. Voz fuera las partes.",
        "fecha_inicio": "2025-07-12T14:58:58.373",
        "fecha_final": "2025-07-17T14:58:58.373",
        "activo": true,
        "creador": 1,
        "ganador": 3
    }
},
{
    "model": "Concursos_Online.concurso",
    "pk": 2,
    "fields": {
        "nombre": "Concurso 2: Tu",
        "descripcion": "Hoy va construcción mismo pública tener solo. Millones hemos toda peor internacional gente mal. Nuestro unidos toda su.\nVarias dio están ser libre estados quien donde. Pedro político j operación dicho. Algo línea organización a con tuvo.",
        "fecha_inicio": "2025-08-29T14:58:58.379",
        "fecha_final": "2025-09-03T14:58:58.379",
        "activo": true,
        "creador": 3,
        "ganador": 8
    }
},
{
    "model": "Concursos_Online.concurso",
    "pk": 3,
    "fields": {
        "nombre": "Concurso 3: Ciencia",
        "descripcion": "Análisis noviembre segunda llamado ahí mayoría unos. Mayor encuentro hay tan presidente sangre aún. Habían juego vamos finalmente casos miguel española. Cierta modelo pp constitución fuerte noche.\nSeguridad armas puesto diferencia. Libre gobierno única quiere.",
        "fecha_inicio": "2025-10-14T14:58:58.385",
        "fecha_final": "2025-10-23T14:58:58.385",
        "activo": false,
        "creador": 3,
        "ganador": 5
    }
},
{
    "model": "Concursos_Online.concurso",
    "pk": 4,
    "fields": {
        "nombre": "Concurso 4: Ii",
        "descripcion": "Segundo tribunal muerto te música. París marco peso corazón.\nEso comisión mismos dicen ex. Dejar suerte características cualquier personas falta. Unidad cabo partidos aquel j b hasta.\nOcho momento tipos cada seguir. Actividad mal unidos puedo habrá eso hay cual.",
        "fecha_inicio": "2025-10-18T14:58:58.392",
        "fecha_final": "2025-10-29T14:58:58.392",
        "activo": false,
        "creador": 3,
        "ganador": 9
    }
},
{
    "model": "Concursos_Online.concurso",
    "pk": 5,
    "fields": {
        "nombre": "Concurso 5: Propia",
        "descripcion": "Tema así baja segunda son económico si. Decía suelo duda suelo españa máximo.\nAllá victoria ciento formas soy. Naturaleza ese concepto su. Santiago ver diciembre dicen casa objeto.\nNoviembre tarde período nadie conjunto través última medios. Cuando difícil cargo siete acciones junio memoria.",
        "fecha_inicio": "2025-10-24T14:58:58.401",
        "fecha_final": "2025-11-06T14:58:58.401",
        "activo": true,
        "creador": 3,
        "ganador": 2
    }
},
{
    "model": "Concursos_Online.concurso",
    "pk": 6,
    "fields": {
        "nombre": "Concurso 6: Poder",
        "descripcion": "Todavía obras elecciones antonio. Muy no san cierto natural boca pp. Bueno quiere europea presidente lo ninguna ante. Amor destino miguel cuarto españa alto tras la.\nSeguir hubo sería fácil. B dolor trata minutos poner españoles. Sería siquiera sectores mundial premio país.",
        "fecha_inicio": "2025-08-25T14:58:58.407",
        "fecha_final": "2025-09-09T14:58:58.407",
        "activo": true,
        "creador": 2,
        "ganador": 6
    }
},
{
    "model": "Concursos_Online.concurso",
    "pk": 7,
    "fields": {
        "nombre": "Concurso 7: Pesar",
        "descripcion": "Persona realidad primer función arriba. Llegado atención todas nadie. Tiene ésta formación vuelta profesional.\nComunicación plazo base sido humanos acto. Época ni tiempo esfuerzo. Futuro contrario importancia próximo constitución.",
        "fecha_inicio": "2025-08-06T14:58:58.413",
        "fecha_final": "2025-08-20T14:58:58.413",
        "activo": false,
        "creador": 1,
        "ganador": 8
    }
},
{
    "model": "Concursos_Online.trabajo",
    "pk": 1,
    "fields": {
        "participante": 1,
        "concurso": 3,
        "titulo": "Acción diversas.",
        "descripcion": "Algunos mil buen habla la consumo contrario. Estados personas objetivo tiene servicios serie quería.",
        "archivo": "mismos.pdf",
        "fecha_envio": "2025-11-30T14:58:58.592",
        "puntuacion_promedio": "3.18"
    }
},
{
    "model": "Concursos_Online.trabajo",
    "pk": 2,
    "fields": {
        "participante": 2,
        "concurso": 5,
        "titulo": "Grupo izquierda bueno.",
        "descripcion": "Libre medios justicia tener joven. Ayer usted caso todos valores serie muerte. Temas real vida efecto.",
        "archivo": "manos.pdf",
        "fecha_envio": "2025-11-30T14:58:58.602",
        "puntuacion_promedio": "2.11"
    }
},
{
    "model": "Concursos_Online.trabajo",
    "pk": 3,
    "fields": {
        "participante": 3,
        "concurso": 1,
        "titulo": "Lugar distintas abril única.",
        "descripcion": "Atención donde pronto mi. Título aumento acto.\nMeses primeros menos plazo total ser. Tierra lleva partes experiencia fecha perdido mundo momento.",
        "archivo": "ello.pdf",
        "fecha_envio": "2025-11-30T14:58:58.613",
        "puntuacion_promedio": "4.26"
    }
},
{
    "model": "Concursos_Online.trabajo",
    "pk": 4,
    "fields": {
        "participante": 4,
        "concurso": 5,
        "titulo": "Octubre sobre niño sociales miembros.",
        "descripcion": "Voz dios vez falta. Usted forma durante número. Importantes nadie viene puso través crecimiento.",
        "archivo": "solamente.pdf",
        "fecha_envio": "2025-11-30T14:58:58.620",
        "puntuacion_promedio": "2.50"
    }
},
{
    "model": "Concursos_Online.trabajo",
    "pk": 5,
    "fields": {
        "participante": 5,
        "concurso": 3,
        "titulo": "Tres programa miembros.",
        "descripcion": "Sí visita varias fuego. Actividades tienen ciencia permite mil.",
        "archivo": "precios.pdf",
        "fecha_envio": "2025-11-30T14:58:58.628",
        "puntuacion_promedio": "4.35"
    }
},
{
    "model": "Concursos_Online.trabajo",
    "pk": 6,
    "fields": {
        "participante": 6,
        "concurso": 6,
        "titulo": "Derecha hizo argentina personal.",
        "descripcion": "Yo constitución asociación equipo. Amigo derecho cuya cultural. Mujeres bajo dado donde momentos. Los intereses sido semanas deja.",
        "archivo": "visto.pdf",
        "fecha_envio": "2025-11-30T14:58:58.636",
        "puntuacion_promedio": "4.75"
    }
},
{
    "model": "Concursos_Online.trabajo",
    "pk": 7,
    "fields": {
        "participante": 7,
        "concurso": 7,
        "titulo": "Dolor llevar.",
        "descripcion": "Equipo seguro línea difícil personas medios. Ambiente fuerte otro da estoy pueda. Objetivo llegar había conseguir usted. Zona desde medios.",
        "archivo": "es.pdf",
        "fecha_envio": "2025-11-30T14:58:58.643",
        "puntuacion_promedio": "4.18"
    }
},
{
    "model": "Concursos_Online.trabajo",
    "pk": 8,
    "fields": {
        "participante": 8,
        "concurso": 7,
        "titulo": "Agua sueño dejó i imagen.",
        "descripcion": "Consecuencia muchas tú sistemas. Actividad largo principal miedo.",
        "archivo": "pueblo.pdf",
        "fecha_envio": "2025-11-30T14:58:58.651",
        "puntuacion_promedio": "4.57"
    }
},
{
    "model": "Concursos_Online.trabajo",
    "pk": 9,
    "fields": {
        "participante": 9,
        "concurso": 7,
        "titulo": "Eran posición hecho.",
        "descripcion": "Hemos momento realidad. Intereses ayer enfermedad. Realidad algunos acerca mar pregunta partir.",
        "archivo": "congreso.pdf",
        "fecha_envio": "2025-11-30T14:58:58.659",
        "puntuacion_promedio": "0.36"
    }
},
{
    "model": "Concursos_Online.trabajo",
    "pk": 10,
    "fields": {
        "participante": 10,
        "concurso": 5,
        "titulo": "Presencia domingo.",
        "descripcion": "Poner durante solución. Le ambiente los plazo voluntad. García hace empresas marco unidos. Cuatro qué estudio importancia sectores carrera.",
        "archivo": "aire.pdf",
        "fecha_envio": "2025-11-30T14:58:58.667",
        "puntuacion_promedio": "3.36"
    }
},
{
    "model": "Concursos_Online.inscribe",
    "pk": 1,
    "fields": {
        "participante": 1,
        "concurso": 7,
        "fecha_inscripcion": "2025-11-30T14:58:58.475"
    }
},
{
    "model": "Concursos_Online.inscribe",
    "pk": 2,
    "fields": {
        "participante": 1,
        "concurso": 3,
        "fecha_inscripcion": "2025-11-30T14:58:58.481"
    }
},
{
    "model": "Concursos_Online.inscribe",
    "pk": 3,
    "fields": {
        "participante": 2,
        "concurso": 5,
        "fecha_inscripcion": "2025-11-30T14:58:58.487"
    }
},
{
    "model": "Concursos_Online.inscribe",
    "pk": 4,
    "fields": {
        "participante": 2,
        "concurso": 1,
        "fecha_inscripcion": "2025-11-30T14:58:58.493"
    }
},
{
    "model": "Concursos_Online.inscribe",
    "pk": 5,
    "fields": {
        "participante": 3,
        "concurso": 1,
        "fecha_inscripcion": "2025-11-30T14:58:58.498"
    }
},
{
    "model": "Concursos_Online.inscribe",
    "pk": 6,
    "fields": {
        "participante": 3,
        "concurso": 7,
        "fecha_inscripcion": "2025-11-30T14:58:58.503"
    }
},
{
    "model": "Concursos_Online.inscribe",
    "pk": 7,
    "fields": {
        "participante": 4,
        "concurso": 1,
        "fecha_inscripcion": "2025-11-30T14:58:58.509"
    }
},
{
    "model": "Concursos_Online.inscribe",
    "pk": 8,
    "fields": {
        "participante": 4,
        "concurso": 5,
        "fecha_inscripcion": "2025-11-30T14:58:58.515"
    }
},
{
    "model": "Concursos_Online.inscribe",
    "pk": 9,
    "fields": {
        "participante": 5,
        "concurso": 7,
        "fecha_inscripcion": "2025-11-30T14:58:58.521"
    }
},
{
    "model": "Concursos_Online.inscribe",
    "pk": 10,
    "fields": {
        "participante": 5,
        "concurso": 3,
        "fecha_inscripcion": "2025-11-30T14:58:58.526"
    }
},
{
    "model": "Concursos_Online.inscribe",
    "pk": 11,
    "fields": {
        "participante": 6,
        "concurso": 6,
        "fecha_inscripcion": "2025-11-30T14:58:58.532"
    }
},
{
    "model": "Concursos_Online.inscribe",
    "pk": 12,
    "fields": {
        "participante": 6,
        "concurso": 7,
        "fecha_inscripcion": "2025-11-30T14:58:58.537"
    }
},
{
    "model": "Concursos_Online.inscribe",
    "pk": 13,
    "fields": {
        "participante": 7,
        "concurso": 7,
        "fecha_inscripcion": "2025-11-30T14:58:58.543"
    }
},
{
    "model": "Concursos_Online.inscribe",
    "pk": 14,
    "fields": {
        "participante": 7,
        "concurso": 6,
        "fecha_inscripcion": "2025-11-30T14:58:58.549"
    }
},
{
    "model": "Concursos_Online.inscribe",
    "pk": 15,
    "fields": {
        "participante": 8,
        "concurso": 7,
        "fecha_inscripcion": "2025-11-30T14:58:58.554"
    }
},
{
    "model": "Concursos_Online.inscribe",
    "pk": 16,
    "fields": {
        "participante": 8,
        "concurso": 2,
        "fecha_inscripcion": "2025-11-30T14:58:58.560"
    }
},
{
    "model": "Concursos_Online.inscribe",
    "pk": 17,
    "fields": {
        "participante": 9,
        "concurso": 4,
        "fecha_inscripcion": "2025-11-30T14:58:58.566"
    }
},
{
    "model": "Concursos_Online.inscribe",
    "pk": 18,
    "fields": {
        "participante": 9,
        "concurso": 7,
        "fecha_inscripcion": "2025-11-30T14:58:58.572"
    }
},
{
    "model": "Concursos_Online.inscribe",
    "pk": 19,
    "fields": {
        "participante": 10,
        "concurso": 5,
        "fecha_inscripcion": "2025-11-30T14:58:58.577"
    }
},
{
    "model": "Concursos_Online.inscribe",
    "pk": 20,
    "fields": {
        "participante": 10,
        "concurso": 3,
        "fecha_inscripcion": "2025-11-30T14:58:58.583"
    }
},
{
    "model": "Concursos_Online.asigna",
    "pk": 1,
    "fields": {
        "jurado": 1,
        "concurso": 7,
        "fecha_asignacion": "2025-11-30T14:58:58.419",
        "activo": true
    }
},
{
    "model": "Concursos_Online.asigna",
    "pk": 2,
    "fields": {
        "jurado": 1,
        "concurso": 1,
        "fecha_asignacion": "2025-11-30T14:58:58.425",
        "activo": true
    }
},
{
    "model": "Concursos_Online.asigna",
    "pk": 3,
    "fields": {
        "jurado": 2,
        "concurso": 1,
        "fecha_asignacion": "2025-11-30T14:58:58.430",
        "activo": true
    }
},
{
    "model": "Concursos_Online.asigna",
    "pk": 4,
    "fields": {
        "jurado": 2,
        "concurso": 4,
        "fecha_asignacion": "2025-11-30T14:58:58.436",
        "activo": true
    }
},
{
    "model": "Concursos_Online.asigna",
    "pk": 5,
    "fields": {
        "jurado": 3,
        "concurso": 6,
        "fecha_asignacion": "2025-11-30T14:58:58.442",
        "activo": true
    }
},
{
    "model": "Concursos_Online.asigna",
    "pk": 6,
    "fields": {
        "jurado": 3,
        "concurso": 5,
        "fecha_asignacion": "2025-11-30T14:58:58.447",
        "activo": true
    }
},
{
    "model": "Concursos_Online.asigna",
    "pk": 7,
    "fields": {
        "jurado": 4,
        "concurso": 4,
        "fecha_asignacion": "2025-11-30T14:58:58.452",
        "activo": true
    }
},
{
    "model": "Concursos_Online.asigna",
    "pk": 8,
    "fields": {
        "jurado": 4,
        "concurso": 3,
        "fecha_asignacion": "2025-11-30T14:58:58.458",
        "activo": true
    }
},
{
    "model": "Concursos_Online.asigna",
    "pk": 9,
    "fields": {
        "jurado": 5,
        "concurso": 2,
        "fecha_asignacion": "2025-11-30T14:58:58.464",
        "activo": true
    }
},
{
    "model": "Concursos_Online.asigna",
    "pk": 10,
    "fields": {
        "jurado": 5,
        "concurso": 6,
        "fecha_asignacion": "2025-11-30T14:58:58.469",
        "activo": true
    }
},
{
    "model": "Concursos_Online.evaluacion",
    "pk": 1,
    "fields": {
        "jurado": 4,
        "trabajo": 1,
        "puntuacion": "8.34",
        "comentario": "Campaña día mantener expresión tarde producción. Considera imagen había tienen. Político seis cosa.",
        "fecha_evaluacion": "2025-11-30T14:58:58.673"
    }
},
{
    "model": "Concursos_Online.evaluacion",
    "pk": 2,
    "fields": {
        "jurado": 3,
        "trabajo": 2,
        "puntuacion": "3.19",
        "comentario": "Resulta derechos tenido economía estados.",
        "fecha_evaluacion": "2025-11-30T14:58:58.680"
    }
},
{
    "model": "Concursos_Online.evaluacion",
    "pk": 3,
    "fields": {
        "jurado": 1,
        "trabajo": 3,
        "puntuacion": "5.21",
        "comentario": "Al bajo lado primeras. General aquellas siete allá.",
        "fecha_evaluacion": "2025-11-30T14:58:58.690"
    }
},
{
    "model": "Concursos_Online.evaluacion",
    "pk": 4,
    "fields": {
        "jurado": 2,
        "trabajo": 3,
        "puntuacion": "9.85",
        "comentario": "Expresión situación luego piel cada.",
        "fecha_evaluacion": "2025-11-30T14:58:58.697"
    }
},
{
    "model": "Concursos_Online.evaluacion",
    "pk": 5,
    "fields": {
        "jurado": 3,
        "trabajo": 4,
        "puntuacion": "2.07",
        "comentario": "Cámara sabe calle. Puesto pasado días hace hablar unas.\nTenemos hacia marcha llamado hubo.",
        "fecha_evaluacion": "2025-11-30T14:58:58.704"
    }
},
{
    "model": "Concursos_Online.evaluacion",
    "pk": 6,
    "fields": {
        "jurado": 4,
        "trabajo": 5,
        "puntuacion": "3.60",
        "comentario": "Primera electoral somos habrá contrario hermano salud habían. Sol hasta las aquí.",
        "fecha_evaluacion": "2025-11-30T14:58:58.711"
    }
},
{
    "model": "Concursos_Online.evaluacion",
    "pk": 7,
    "fields": {
        "jurado": 3,
        "trabajo": 6,
        "puntuacion": "7.77",
        "comentario": "Todos aquellos r padres objetivo dio. Proyecto principio una.",
        "fecha_evaluacion": "2025-11-30T14:58:58.717"
    }
},
{
    "model": "Concursos_Online.evaluacion",
    "pk": 8,
    "fields": {
        "jurado": 5,
        "trabajo": 6,
        "puntuacion": "7.24",
        "comentario": "Tenían lenguaje violencia. Pablo medio sola económico educación juego.",
        "fecha_evaluacion": "2025-11-30T14:58:58.723"
    }
},
{
    "model": "Concursos_Online.evaluacion",
    "pk": 9,
    "fields": {
        "jurado": 1,
        "trabajo": 7,
        "puntuacion": "8.17",
        "comentario": "Juicio tipo papel les cuyo buenos principios rafael. Sistemas premio dio recuerdo hacía hospital.",
        "fecha_evaluacion": "2025-11-30T14:58:58.730"
    }
},
{
    "model": "Concursos_Online.evaluacion",
    "pk": 10,
    "fields": {
        "jurado": 1,
        "trabajo": 8,
        "puntuacion": "5.77",
        "comentario": "Puerto izquierda estaba mismo este toma dicho. Tenido puerta años propio manera especial viene.",
        "fecha_evaluacion": "2025-11-30T14:58:58.736"
    }
},
{
    "model": "Concursos_Online.evaluacion",
    "pk": 11,
    "fields": {
        "jurado": 1,
        "trabajo": 9,
        "puntuacion": "6.75",
        "comentario": "Enfermedad deben mujeres resulta. I recuerdo estoy allí.",
        "fecha_evaluacion": "2025-11-30T14:58:58.742"
    }
},
{
    "model": "Concursos_Online.evaluacion",
    "pk": 12,
    "fields": {
        "jurado": 3,
        "trabajo": 10,
        "puntuacion": "5.96",
        "comentario": "Van diversas bueno debe fueron.",
        "fecha_evaluacion": "2025-11-30T14:58:58.750"
    }
}
]
