[
{
    "model": "auth.permission",
    "pk": 1,
    "fields": {
        "name": "Can add log entry",
        "content_type": 1,
        "codename": "add_logentry"
    }
},
{
    "model": "auth.permission",
    "pk": 2,
    "fields": {
        "name": "Can change log entry",
        "content_type": 1,
        "codename": "change_logentry"
    }
},
{
    "model": "auth.permission",
    "pk": 3,
    "fields": {
        "name": "Can delete log entry",
        "content_type": 1,
        "codename": "delete_logentry"
    }
},
{
    "model": "auth.permission",
    "pk": 4,
    "fields": {
        "name": "Can view log entry",
        "content_type": 1,
        "codename": "view_logentry"
    }
},
{
    "model": "auth.permission",
    "pk": 5,
    "fields": {
        "name": "Can add permission",
        "content_type": 2,
        "codename": "add_permission"
    }
},
{
    "model": "auth.permission",
    "pk": 6,
    "fields": {
        "name": "Can change permission",
        "content_type": 2,
        "codename": "change_permission"
    }
},
{
    "model": "auth.permission",
    "pk": 7,
    "fields": {
        "name": "Can delete permission",
        "content_type": 2,
        "codename": "delete_permission"
    }
},
{
    "model": "auth.permission",
    "pk": 8,
    "fields": {
        "name": "Can view permission",
        "content_type": 2,
        "codename": "view_permission"
    }
},
{
    "model": "auth.permission",
    "pk": 9,
    "fields": {
        "name": "Can add group",
        "content_type": 3,
        "codename": "add_group"
    }
},
{
    "model": "auth.permission",
    "pk": 10,
    "fields": {
        "name": "Can change group",
        "content_type": 3,
        "codename": "change_group"
    }
},
{
    "model": "auth.permission",
    "pk": 11,
    "fields": {
        "name": "Can delete group",
        "content_type": 3,
        "codename": "delete_group"
    }
},
{
    "model": "auth.permission",
    "pk": 12,
    "fields": {
        "name": "Can view group",
        "content_type": 3,
        "codename": "view_group"
    }
},
{
    "model": "auth.permission",
    "pk": 13,
    "fields": {
        "name": "Can add user",
        "content_type": 4,
        "codename": "add_user"
    }
},
{
    "model": "auth.permission",
    "pk": 14,
    "fields": {
        "name": "Can change user",
        "content_type": 4,
        "codename": "change_user"
    }
},
{
    "model": "auth.permission",
    "pk": 15,
    "fields": {
        "name": "Can delete user",
        "content_type": 4,
        "codename": "delete_user"
    }
},
{
    "model": "auth.permission",
    "pk": 16,
    "fields": {
        "name": "Can view user",
        "content_type": 4,
        "codename": "view_user"
    }
},
{
    "model": "auth.permission",
    "pk": 17,
    "fields": {
        "name": "Can add content type",
        "content_type": 5,
        "codename": "add_contenttype"
    }
},
{
    "model": "auth.permission",
    "pk": 18,
    "fields": {
        "name": "Can change content type",
        "content_type": 5,
        "codename": "change_contenttype"
    }
},
{
    "model": "auth.permission",
    "pk": 19,
    "fields": {
        "name": "Can delete content type",
        "content_type": 5,
        "codename": "delete_contenttype"
    }
},
{
    "model": "auth.permission",
    "pk": 20,
    "fields": {
        "name": "Can view content type",
        "content_type": 5,
        "codename": "view_contenttype"
    }
},
{
    "model": "auth.permission",
    "pk": 21,
    "fields": {
        "name": "Can add session",
        "content_type": 6,
        "codename": "add_session"
    }
},
{
    "model": "auth.permission",
    "pk": 22,
    "fields": {
        "name": "Can change session",
        "content_type": 6,
        "codename": "change_session"
    }
},
{
    "model": "auth.permission",
    "pk": 23,
    "fields": {
        "name": "Can delete session",
        "content_type": 6,
        "codename": "delete_session"
    }
},
{
    "model": "auth.permission",
    "pk": 24,
    "fields": {
        "name": "Can view session",
        "content_type": 6,
        "codename": "view_session"
    }
},
{
    "model": "auth.permission",
    "pk": 25,
    "fields": {
        "name": "Can add administrador",
        "content_type": 7,
        "codename": "add_administrador"
    }
},
{
    "model": "auth.permission",
    "pk": 26,
    "fields": {
        "name": "Can change administrador",
        "content_type": 7,
        "codename": "change_administrador"
    }
},
{
    "model": "auth.permission",
    "pk": 27,
    "fields": {
        "name": "Can delete administrador",
        "content_type": 7,
        "codename": "delete_administrador"
    }
},
{
    "model": "auth.permission",
    "pk": 28,
    "fields": {
        "name": "Can view administrador",
        "content_type": 7,
        "codename": "view_administrador"
    }
},
{
    "model": "auth.permission",
    "pk": 29,
    "fields": {
        "name": "Can add participante",
        "content_type": 8,
        "codename": "add_participante"
    }
},
{
    "model": "auth.permission",
    "pk": 30,
    "fields": {
        "name": "Can change participante",
        "content_type": 8,
        "codename": "change_participante"
    }
},
{
    "model": "auth.permission",
    "pk": 31,
    "fields": {
        "name": "Can delete participante",
        "content_type": 8,
        "codename": "delete_participante"
    }
},
{
    "model": "auth.permission",
    "pk": 32,
    "fields": {
        "name": "Can view participante",
        "content_type": 8,
        "codename": "view_participante"
    }
},
{
    "model": "auth.permission",
    "pk": 33,
    "fields": {
        "name": "Can add usuario",
        "content_type": 9,
        "codename": "add_usuario"
    }
},
{
    "model": "auth.permission",
    "pk": 34,
    "fields": {
        "name": "Can change usuario",
        "content_type": 9,
        "codename": "change_usuario"
    }
},
{
    "model": "auth.permission",
    "pk": 35,
    "fields": {
        "name": "Can delete usuario",
        "content_type": 9,
        "codename": "delete_usuario"
    }
},
{
    "model": "auth.permission",
    "pk": 36,
    "fields": {
        "name": "Can view usuario",
        "content_type": 9,
        "codename": "view_usuario"
    }
},
{
    "model": "auth.permission",
    "pk": 37,
    "fields": {
        "name": "Can add concurso",
        "content_type": 10,
        "codename": "add_concurso"
    }
},
{
    "model": "auth.permission",
    "pk": 38,
    "fields": {
        "name": "Can change concurso",
        "content_type": 10,
        "codename": "change_concurso"
    }
},
{
    "model": "auth.permission",
    "pk": 39,
    "fields": {
        "name": "Can delete concurso",
        "content_type": 10,
        "codename": "delete_concurso"
    }
},
{
    "model": "auth.permission",
    "pk": 40,
    "fields": {
        "name": "Can view concurso",
        "content_type": 10,
        "codename": "view_concurso"
    }
},
{
    "model": "auth.permission",
    "pk": 41,
    "fields": {
        "name": "Can add asigna",
        "content_type": 11,
        "codename": "add_asigna"
    }
},
{
    "model": "auth.permission",
    "pk": 42,
    "fields": {
        "name": "Can change asigna",
        "content_type": 11,
        "codename": "change_asigna"
    }
},
{
    "model": "auth.permission",
    "pk": 43,
    "fields": {
        "name": "Can delete asigna",
        "content_type": 11,
        "codename": "delete_asigna"
    }
},
{
    "model": "auth.permission",
    "pk": 44,
    "fields": {
        "name": "Can view asigna",
        "content_type": 11,
        "codename": "view_asigna"
    }
},
{
    "model": "auth.permission",
    "pk": 45,
    "fields": {
        "name": "Can add jurado",
        "content_type": 12,
        "codename": "add_jurado"
    }
},
{
    "model": "auth.permission",
    "pk": 46,
    "fields": {
        "name": "Can change jurado",
        "content_type": 12,
        "codename": "change_jurado"
    }
},
{
    "model": "auth.permission",
    "pk": 47,
    "fields": {
        "name": "Can delete jurado",
        "content_type": 12,
        "codename": "delete_jurado"
    }
},
{
    "model": "auth.permission",
    "pk": 48,
    "fields": {
        "name": "Can view jurado",
        "content_type": 12,
        "codename": "view_jurado"
    }
},
{
    "model": "auth.permission",
    "pk": 49,
    "fields": {
        "name": "Can add evaluacion",
        "content_type": 13,
        "codename": "add_evaluacion"
    }
},
{
    "model": "auth.permission",
    "pk": 50,
    "fields": {
        "name": "Can change evaluacion",
        "content_type": 13,
        "codename": "change_evaluacion"
    }
},
{
    "model": "auth.permission",
    "pk": 51,
    "fields": {
        "name": "Can delete evaluacion",
        "content_type": 13,
        "codename": "delete_evaluacion"
    }
},
{
    "model": "auth.permission",
    "pk": 52,
    "fields": {
        "name": "Can view evaluacion",
        "content_type": 13,
        "codename": "view_evaluacion"
    }
},
{
    "model": "auth.permission",
    "pk": 53,
    "fields": {
        "name": "Can add notificacion",
        "content_type": 14,
        "codename": "add_notificacion"
    }
},
{
    "model": "auth.permission",
    "pk": 54,
    "fields": {
        "name": "Can change notificacion",
        "content_type": 14,
        "codename": "change_notificacion"
    }
},
{
    "model": "auth.permission",
    "pk": 55,
    "fields": {
        "name": "Can delete notificacion",
        "content_type": 14,
        "codename": "delete_notificacion"
    }
},
{
    "model": "auth.permission",
    "pk": 56,
    "fields": {
        "name": "Can view notificacion",
        "content_type": 14,
        "codename": "view_notificacion"
    }
},
{
    "model": "auth.permission",
    "pk": 57,
    "fields": {
        "name": "Can add inscribe",
        "content_type": 15,
        "codename": "add_inscribe"
    }
},
{
    "model": "auth.permission",
    "pk": 58,
    "fields": {
        "name": "Can change inscribe",
        "content_type": 15,
        "codename": "change_inscribe"
    }
},
{
    "model": "auth.permission",
    "pk": 59,
    "fields": {
        "name": "Can delete inscribe",
        "content_type": 15,
        "codename": "delete_inscribe"
    }
},
{
    "model": "auth.permission",
    "pk": 60,
    "fields": {
        "name": "Can view inscribe",
        "content_type": 15,
        "codename": "view_inscribe"
    }
},
{
    "model": "auth.permission",
    "pk": 61,
    "fields": {
        "name": "Can add trabajo",
        "content_type": 16,
        "codename": "add_trabajo"
    }
},
{
    "model": "auth.permission",
    "pk": 62,
    "fields": {
        "name": "Can change trabajo",
        "content_type": 16,
        "codename": "change_trabajo"
    }
},
{
    "model": "auth.permission",
    "pk": 63,
    "fields": {
        "name": "Can delete trabajo",
        "content_type": 16,
        "codename": "delete_trabajo"
    }
},
{
    "model": "auth.permission",
    "pk": 64,
    "fields": {
        "name": "Can view trabajo",
        "content_type": 16,
        "codename": "view_trabajo"
    }
},
{
    "model": "auth.permission",
    "pk": 65,
    "fields": {
        "name": "Can add recibe",
        "content_type": 17,
        "codename": "add_recibe"
    }
},
{
    "model": "auth.permission",
    "pk": 66,
    "fields": {
        "name": "Can change recibe",
        "content_type": 17,
        "codename": "change_recibe"
    }
},
{
    "model": "auth.permission",
    "pk": 67,
    "fields": {
        "name": "Can delete recibe",
        "content_type": 17,
        "codename": "delete_recibe"
    }
},
{
    "model": "auth.permission",
    "pk": 68,
    "fields": {
        "name": "Can view recibe",
        "content_type": 17,
        "codename": "view_recibe"
    }
},
{
    "model": "auth.permission",
    "pk": 69,
    "fields": {
        "name": "Can add perfil",
        "content_type": 18,
        "codename": "add_perfil"
    }
},
{
    "model": "auth.permission",
    "pk": 70,
    "fields": {
        "name": "Can change perfil",
        "content_type": 18,
        "codename": "change_perfil"
    }
},
{
    "model": "auth.permission",
    "pk": 71,
    "fields": {
        "name": "Can delete perfil",
        "content_type": 18,
        "codename": "delete_perfil"
    }
},
{
    "model": "auth.permission",
    "pk": 72,
    "fields": {
        "name": "Can view perfil",
        "content_type": 18,
        "codename": "view_perfil"
    }
},
{
    "model": "contenttypes.contenttype",
    "pk": 1,
    "fields": {
        "app_label": "admin",
        "model": "logentry"
    }
},
{
    "model": "contenttypes.contenttype",
    "pk": 2,
    "fields": {
        "app_label": "auth",
        "model": "permission"
    }
},
{
    "model": "contenttypes.contenttype",
    "pk": 3,
    "fields": {
        "app_label": "auth",
        "model": "group"
    }
},
{
    "model": "contenttypes.contenttype",
    "pk": 4,
    "fields": {
        "app_label": "auth",
        "model": "user"
    }
},
{
    "model": "contenttypes.contenttype",
    "pk": 5,
    "fields": {
        "app_label": "contenttypes",
        "model": "contenttype"
    }
},
{
    "model": "contenttypes.contenttype",
    "pk": 6,
    "fields": {
        "app_label": "sessions",
        "model": "session"
    }
},
{
    "model": "contenttypes.contenttype",
    "pk": 7,
    "fields": {
        "app_label": "Concursos_Online",
        "model": "administrador"
    }
},
{
    "model": "contenttypes.contenttype",
    "pk": 8,
    "fields": {
        "app_label": "Concursos_Online",
        "model": "participante"
    }
},
{
    "model": "contenttypes.contenttype",
    "pk": 9,
    "fields": {
        "app_label": "Concursos_Online",
        "model": "usuario"
    }
},
{
    "model": "contenttypes.contenttype",
    "pk": 10,
    "fields": {
        "app_label": "Concursos_Online",
        "model": "concurso"
    }
},
{
    "model": "contenttypes.contenttype",
    "pk": 11,
    "fields": {
        "app_label": "Concursos_Online",
        "model": "asigna"
    }
},
{
    "model": "contenttypes.contenttype",
    "pk": 12,
    "fields": {
        "app_label": "Concursos_Online",
        "model": "jurado"
    }
},
{
    "model": "contenttypes.contenttype",
    "pk": 13,
    "fields": {
        "app_label": "Concursos_Online",
        "model": "evaluacion"
    }
},
{
    "model": "contenttypes.contenttype",
    "pk": 14,
    "fields": {
        "app_label": "Concursos_Online",
        "model": "notificacion"
    }
},
{
    "model": "contenttypes.contenttype",
    "pk": 15,
    "fields": {
        "app_label": "Concursos_Online",
        "model": "inscribe"
    }
},
{
    "model": "contenttypes.contenttype",
    "pk": 16,
    "fields": {
        "app_label": "Concursos_Online",
        "model": "trabajo"
    }
},
{
    "model": "contenttypes.contenttype",
    "pk": 17,
    "fields": {
        "app_label": "Concursos_Online",
        "model": "recibe"
    }
},
{
    "model": "contenttypes.contenttype",
    "pk": 18,
    "fields": {
        "app_label": "Concursos_Online",
        "model": "perfil"
    }
},
{
    "model": "Concursos_Online.usuario",
    "pk": 1,
    "fields": {
        "nombre_usuario": "nelidabermejo",
        "correo": "vriquelme@example.com",
        "password": "!bLRTEu1R7",
        "fecha_registro": "2025-10-25T21:22:07.163"
    }
},
{
    "model": "Concursos_Online.usuario",
    "pk": 2,
    "fields": {
        "nombre_usuario": "yessica26",
        "correo": "tomemacaria@example.com",
        "password": "^nmKs9LU#0",
        "fecha_registro": "2025-10-25T21:22:07.170"
    }
},
{
    "model": "Concursos_Online.usuario",
    "pk": 3,
    "fields": {
        "nombre_usuario": "nmora",
        "correo": "vasco00@example.org",
        "password": ")r0*MfXR37",
        "fecha_registro": "2025-10-25T21:22:07.175"
    }
},
{
    "model": "Concursos_Online.usuario",
    "pk": 4,
    "fields": {
        "nombre_usuario": "tristan98",
        "correo": "jovemarcela@example.org",
        "password": "a1GoH7^u$o",
        "fecha_registro": "2025-10-25T21:22:07.180"
    }
},
{
    "model": "Concursos_Online.usuario",
    "pk": 5,
    "fields": {
        "nombre_usuario": "esparzaeleuterio",
        "correo": "gustavo35@example.org",
        "password": "#aOBLrp25#",
        "fecha_registro": "2025-10-25T21:22:07.185"
    }
},
{
    "model": "Concursos_Online.usuario",
    "pk": 6,
    "fields": {
        "nombre_usuario": "leandra27",
        "correo": "fulgenciolorenzo@example.com",
        "password": "Hw@9EOUiOd",
        "fecha_registro": "2025-10-25T21:22:07.190"
    }
},
{
    "model": "Concursos_Online.usuario",
    "pk": 7,
    "fields": {
        "nombre_usuario": "natividad25",
        "correo": "duartetristan@example.org",
        "password": "@8EXjfqHsl",
        "fecha_registro": "2025-10-25T21:22:07.195"
    }
},
{
    "model": "Concursos_Online.usuario",
    "pk": 8,
    "fields": {
        "nombre_usuario": "victorcorbacho",
        "correo": "rodolfo73@example.org",
        "password": "+6iTmS1sWB",
        "fecha_registro": "2025-10-25T21:22:07.201"
    }
},
{
    "model": "Concursos_Online.usuario",
    "pk": 9,
    "fields": {
        "nombre_usuario": "ibertran",
        "correo": "benjamin32@example.net",
        "password": "dC9NLlupU%",
        "fecha_registro": "2025-10-25T21:22:07.206"
    }
},
{
    "model": "Concursos_Online.usuario",
    "pk": 10,
    "fields": {
        "nombre_usuario": "pazosobdulia",
        "correo": "carlitonieto@example.net",
        "password": "!14tIvKb3v",
        "fecha_registro": "2025-10-25T21:22:07.212"
    }
},
{
    "model": "Concursos_Online.usuario",
    "pk": 11,
    "fields": {
        "nombre_usuario": "silviabarreda",
        "correo": "tomasabilbao@example.net",
        "password": "Jau!1jBk49",
        "fecha_registro": "2025-10-25T21:22:07.217"
    }
},
{
    "model": "Concursos_Online.usuario",
    "pk": 12,
    "fields": {
        "nombre_usuario": "valverdeemma",
        "correo": "angelita70@example.net",
        "password": "aFG!8Orf%i",
        "fecha_registro": "2025-10-25T21:22:07.222"
    }
},
{
    "model": "Concursos_Online.usuario",
    "pk": 13,
    "fields": {
        "nombre_usuario": "bruno57",
        "correo": "quique08@example.net",
        "password": "ySaKH9Ah+a",
        "fecha_registro": "2025-10-25T21:22:07.227"
    }
},
{
    "model": "Concursos_Online.usuario",
    "pk": 14,
    "fields": {
        "nombre_usuario": "prudencia38",
        "correo": "martindemetrio@example.org",
        "password": "n%txx0Jj2N",
        "fecha_registro": "2025-10-25T21:22:07.232"
    }
},
{
    "model": "Concursos_Online.usuario",
    "pk": 15,
    "fields": {
        "nombre_usuario": "riquelmemaxi",
        "correo": "clotildecanet@example.net",
        "password": "%$1UKTbzrH",
        "fecha_registro": "2025-10-25T21:22:07.237"
    }
},
{
    "model": "Concursos_Online.usuario",
    "pk": 16,
    "fields": {
        "nombre_usuario": "albacesar",
        "correo": "salvador77@example.org",
        "password": ")6HK!etco4",
        "fecha_registro": "2025-10-25T21:22:07.242"
    }
},
{
    "model": "Concursos_Online.usuario",
    "pk": 17,
    "fields": {
        "nombre_usuario": "gcolomer",
        "correo": "socorrorio@example.com",
        "password": "%6PI(k3Ob6",
        "fecha_registro": "2025-10-25T21:22:07.247"
    }
},
{
    "model": "Concursos_Online.usuario",
    "pk": 18,
    "fields": {
        "nombre_usuario": "dominguezrufino",
        "correo": "crobledo@example.net",
        "password": "_9UeDOugyN",
        "fecha_registro": "2025-10-25T21:22:07.252"
    }
},
{
    "model": "Concursos_Online.usuario",
    "pk": 19,
    "fields": {
        "nombre_usuario": "juarezapolinar",
        "correo": "maria-carmen57@example.net",
        "password": "2EiZbyf$)F",
        "fecha_registro": "2025-10-25T21:22:07.258"
    }
},
{
    "model": "Concursos_Online.usuario",
    "pk": 20,
    "fields": {
        "nombre_usuario": "hermenegildo56",
        "correo": "rfabregat@example.net",
        "password": "E9cSn2P^+g",
        "fecha_registro": "2025-10-25T21:22:07.264"
    }
},
{
    "model": "Concursos_Online.usuario",
    "pk": 21,
    "fields": {
        "nombre_usuario": "fnunez",
        "correo": "maricruz05@example.net",
        "password": "%P#l4ZsrOI",
        "fecha_registro": "2025-10-25T21:22:07.270"
    }
},
{
    "model": "Concursos_Online.usuario",
    "pk": 22,
    "fields": {
        "nombre_usuario": "lidiaaller",
        "correo": "benitavendrell@example.net",
        "password": ")5VNy*Bw4m",
        "fecha_registro": "2025-10-25T21:22:07.275"
    }
},
{
    "model": "Concursos_Online.usuario",
    "pk": 23,
    "fields": {
        "nombre_usuario": "leon14",
        "correo": "judith28@example.com",
        "password": "!mI(7royb9",
        "fecha_registro": "2025-10-25T21:22:07.280"
    }
},
{
    "model": "Concursos_Online.usuario",
    "pk": 24,
    "fields": {
        "nombre_usuario": "pazosbegona",
        "correo": "soniamata@example.org",
        "password": "^8Bdhg&L@4",
        "fecha_registro": "2025-10-25T21:22:07.285"
    }
},
{
    "model": "Concursos_Online.usuario",
    "pk": 25,
    "fields": {
        "nombre_usuario": "rochavenceslas",
        "correo": "palomardelfina@example.org",
        "password": "1)w5R(ibW&",
        "fecha_registro": "2025-10-25T21:22:07.290"
    }
},
{
    "model": "Concursos_Online.usuario",
    "pk": 26,
    "fields": {
        "nombre_usuario": "egras",
        "correo": "hcastilla@example.org",
        "password": "*K^GX7b(H2",
        "fecha_registro": "2025-10-25T21:22:07.295"
    }
},
{
    "model": "Concursos_Online.usuario",
    "pk": 27,
    "fields": {
        "nombre_usuario": "rufino21",
        "correo": "chusvall@example.org",
        "password": "oR+3fBKrA6",
        "fecha_registro": "2025-10-25T21:22:07.301"
    }
},
{
    "model": "Concursos_Online.usuario",
    "pk": 28,
    "fields": {
        "nombre_usuario": "xramon",
        "correo": "castillaclarisa@example.net",
        "password": "ZRHEpg1C%1",
        "fecha_registro": "2025-10-25T21:22:07.306"
    }
},
{
    "model": "Concursos_Online.usuario",
    "pk": 29,
    "fields": {
        "nombre_usuario": "domenechpaulina",
        "correo": "miriam53@example.com",
        "password": "Al2yV^Zi&2",
        "fecha_registro": "2025-10-25T21:22:07.312"
    }
},
{
    "model": "Concursos_Online.usuario",
    "pk": 30,
    "fields": {
        "nombre_usuario": "hipolito42",
        "correo": "lucia26@example.com",
        "password": "9fPAbq)s@!",
        "fecha_registro": "2025-10-25T21:22:07.317"
    }
},
{
    "model": "Concursos_Online.perfil",
    "pk": 1,
    "fields": {
        "usuario": 1,
        "nombre_completo": "Fabiola del Pacheco",
        "biografia": "Doctor cuyo siguientes dar. Tiempo encuentra abril santa dar. Total hoy alto causa.",
        "fecha_nacimiento": "1965-10-21",
        "imagen_perfil": "https://picsum.photos/827/372"
    }
},
{
    "model": "Concursos_Online.perfil",
    "pk": 2,
    "fields": {
        "usuario": 2,
        "nombre_completo": "Graciano Balduino Sanmartín Martorell",
        "biografia": "Conseguir les humana derechos cuadro te. Estuvo especie justicia mercado muchas empresa millones. Enero internacional distintas argentina.",
        "fecha_nacimiento": "1968-06-11",
        "imagen_perfil": "https://picsum.photos/472/793"
    }
},
{
    "model": "Concursos_Online.perfil",
    "pk": 3,
    "fields": {
        "usuario": 3,
        "nombre_completo": "Pastor Pedro Villena Arnau",
        "biografia": "P garcía diversos pronto. Señaló cámara justicia llama pone paso. Español minutos salud razón. Conjunto cabo hospital temas palabra unos solo.",
        "fecha_nacimiento": "2005-03-14",
        "imagen_perfil": "https://picsum.photos/135/556"
    }
},
{
    "model": "Concursos_Online.perfil",
    "pk": 4,
    "fields": {
        "usuario": 4,
        "nombre_completo": "Maristela América Arrieta Abella",
        "biografia": "Pueden minutos vuelta actividades mismo cuba con unidos. Vivir gonzález unas victoria sola camino último solución. Especie medios encima manera.",
        "fecha_nacimiento": "1997-05-13",
        "imagen_perfil": "https://picsum.photos/752/587"
    }
},
{
    "model": "Concursos_Online.perfil",
    "pk": 5,
    "fields": {
        "usuario": 5,
        "nombre_completo": "Clara Cerro Alarcón",
        "biografia": "Nueva posición yo ciudad tuvo sociedad segundo. Lejos señor mayo efectos única. Quiere quería expresión entrar una.\nSino pesar alguien llegado.",
        "fecha_nacimiento": "1995-02-08",
        "imagen_perfil": "https://dummyimage.com/431x761"
    }
},
{
    "model": "Concursos_Online.perfil",
    "pk": 6,
    "fields": {
        "usuario": 6,
        "nombre_completo": "Macaria Rios",
        "biografia": "Puesto dios hecho se internacional. Educación lleva acto zona considera.\nUso formación alta el estaban. Cabeza demás partido pasó evitar. Hospital somos fiscal minutos torno.",
        "fecha_nacimiento": "1968-06-26",
        "imagen_perfil": "https://dummyimage.com/876x885"
    }
},
{
    "model": "Concursos_Online.perfil",
    "pk": 7,
    "fields": {
        "usuario": 7,
        "nombre_completo": "Josué Robles Valbuena",
        "biografia": "Demasiado lópez razón. Participación marco mesa hace respecto.\nTierra otro mujer todavía estaba. Pasado nosotros ello español c mucha hablar.",
        "fecha_nacimiento": "1985-11-11",
        "imagen_perfil": "https://placekitten.com/948/609"
    }
},
{
    "model": "Concursos_Online.perfil",
    "pk": 8,
    "fields": {
        "usuario": 8,
        "nombre_completo": "Emiliana Barrios",
        "biografia": "Sabía región duda van. Profesional luis rafael militar. Deja proceso entonces parece persona pesetas.\nDebía grande guerra unos tener opinión cuba. Ambos programas pasa sociedad fiscal tenían.",
        "fecha_nacimiento": "2003-10-22",
        "imagen_perfil": "https://dummyimage.com/644x895"
    }
},
{
    "model": "Concursos_Online.perfil",
    "pk": 9,
    "fields": {
        "usuario": 9,
        "nombre_completo": "Micaela Macias Noriega",
        "biografia": "Policía bajo título francisco lópez expresión un. Misma pablo voz elecciones eso. Sentido conocimiento estudios campo popular lópez.",
        "fecha_nacimiento": "1967-05-01",
        "imagen_perfil": "https://picsum.photos/744/897"
    }
},
{
    "model": "Concursos_Online.perfil",
    "pk": 10,
    "fields": {
        "usuario": 10,
        "nombre_completo": "Vito Almazán Padilla",
        "biografia": "Necesidad ello costa mejores policía. Dan elementos claro diferentes actitud.\nDías parte propios abril blanca. Esfuerzo el antes proyecto situación oposición. Paciente juez libertad plan del.",
        "fecha_nacimiento": "1961-01-17",
        "imagen_perfil": "https://picsum.photos/105/952"
    }
},
{
    "model": "Concursos_Online.perfil",
    "pk": 11,
    "fields": {
        "usuario": 11,
        "nombre_completo": "Eligio de Garcia",
        "biografia": "Llama libro pese. Unidos pero resultado.\nMil hijo aquellos produce fue manos. Uso región cuadro estamos importancia. Año actitud general alto juicio aunque región.",
        "fecha_nacimiento": "1955-07-29",
        "imagen_perfil": "https://picsum.photos/580/704"
    }
},
{
    "model": "Concursos_Online.perfil",
    "pk": 12,
    "fields": {
        "usuario": 12,
        "nombre_completo": "Calixto del Feliu",
        "biografia": "Generales tú pues. Mercado a organización mantener muchos más destino acción.\nCambios puedo campo esos. Carácter españoles gran. Naturaleza blanco unión capital vez aquellas haya.",
        "fecha_nacimiento": "1984-06-08",
        "imagen_perfil": "https://dummyimage.com/27x477"
    }
},
{
    "model": "Concursos_Online.perfil",
    "pk": 13,
    "fields": {
        "usuario": 13,
        "nombre_completo": "Jordana de Girona",
        "biografia": "Cuba ambos familia temas fácil sabe.\nCarlos rosa psoe fecha francia.\nMediante propuesta sociedad según principios origen oro. Forma armas fuego destino. Acerca nuestra durante cual rosa.",
        "fecha_nacimiento": "1966-10-22",
        "imagen_perfil": "https://picsum.photos/302/613"
    }
},
{
    "model": "Concursos_Online.perfil",
    "pk": 14,
    "fields": {
        "usuario": 14,
        "nombre_completo": "Flor Barceló Herrero",
        "biografia": "Que estos hijos sólo enfermedad. Por militares rafael estoy pequeño relación cómo la.\nSería horas al cuatro nuestros aunque. Mañana dijo presencia tendrá puerto compañía.",
        "fecha_nacimiento": "1984-11-12",
        "imagen_perfil": "https://placekitten.com/367/57"
    }
},
{
    "model": "Concursos_Online.perfil",
    "pk": 15,
    "fields": {
        "usuario": 15,
        "nombre_completo": "Lisandro del Heras",
        "biografia": "Habían época propio fuerza nuevas aparece orden saber. Bien deben lado uso aumento ministro cómo aspectos. Del toda tener tales.",
        "fecha_nacimiento": "1965-01-16",
        "imagen_perfil": "https://placekitten.com/581/832"
    }
},
{
    "model": "Concursos_Online.perfil",
    "pk": 16,
    "fields": {
        "usuario": 16,
        "nombre_completo": "Gustavo de Cueto",
        "biografia": "Peor cama antonio importantes. Carrera programas tomar más mediante estaban acerca.",
        "fecha_nacimiento": "1978-09-29",
        "imagen_perfil": "https://picsum.photos/641/206"
    }
},
{
    "model": "Concursos_Online.perfil",
    "pk": 17,
    "fields": {
        "usuario": 17,
        "nombre_completo": "Leyre Céspedes-Olivera",
        "biografia": "Española o organización. Junto saber oposición imagen chile. Fuentes encontrar especial ver ayer consejo.\nNecesario grado p ciudad. Trata unidos electoral mediante producción como.",
        "fecha_nacimiento": "1960-11-12",
        "imagen_perfil": "https://dummyimage.com/488x193"
    }
},
{
    "model": "Concursos_Online.perfil",
    "pk": 18,
    "fields": {
        "usuario": 18,
        "nombre_completo": "Alonso Ciríaco Arévalo Valdés",
        "biografia": "Rosa ellas menos hacía resultado gracias. Principales dos sé falta como términos.",
        "fecha_nacimiento": "1984-09-28",
        "imagen_perfil": "https://placekitten.com/128/627"
    }
},
{
    "model": "Concursos_Online.perfil",
    "pk": 19,
    "fields": {
        "usuario": 19,
        "nombre_completo": "Rodolfo del Mas",
        "biografia": "Llegó gran ambiente época uno. Hermano pone marco período justicia paz tomar. Poner libros c plan duda grupo volver.\nApenas serie quizá. Libros serie poder modo carácter eran pues.",
        "fecha_nacimiento": "1974-09-24",
        "imagen_perfil": "https://picsum.photos/622/208"
    }
},
{
    "model": "Concursos_Online.perfil",
    "pk": 20,
    "fields": {
        "usuario": 20,
        "nombre_completo": "Raimundo Agudo Velasco",
        "biografia": "Presente conseguir j aire acción nada domingo.\nElecciones río calle aquella ante casos. Medida nuestras construcción carne. Ideas sistema puso. Tenido militar social ni relaciones.",
        "fecha_nacimiento": "1967-11-28",
        "imagen_perfil": "https://placekitten.com/524/958"
    }
},
{
    "model": "Concursos_Online.perfil",
    "pk": 21,
    "fields": {
        "usuario": 21,
        "nombre_completo": "Domingo Azorin Baeza",
        "biografia": "Muchos ellas europa presenta produce central educación. Uso cuba derecha importancia durante.\nBarcelona mirada seguridad deja central. Gracias lenguaje sabía.",
        "fecha_nacimiento": "1960-07-28",
        "imagen_perfil": "https://picsum.photos/230/952"
    }
},
{
    "model": "Concursos_Online.perfil",
    "pk": 22,
    "fields": {
        "usuario": 22,
        "nombre_completo": "María Pilar Granados Maldonado",
        "biografia": "Ocho caso asimismo mercado iglesia. Hacia económica carlos favor julio decir todas modo. Actividad argentina i nuevas acto zona grupo particular.\nManos el cara rafael. Dolor posibilidades minutos.",
        "fecha_nacimiento": "1983-01-12",
        "imagen_perfil": "https://picsum.photos/601/332"
    }
},
{
    "model": "Concursos_Online.perfil",
    "pk": 23,
    "fields": {
        "usuario": 23,
        "nombre_completo": "Juliana Lobato-Valls",
        "biografia": "Última soy señora datos éxito concepto ese. Buenos sabía nuevos juego poner. Mucha entrar cambio alrededor felipe doctor.\nDías relaciones ahí podía entonces allá secretario podemos.",
        "fecha_nacimiento": "1966-08-08",
        "imagen_perfil": "https://picsum.photos/825/558"
    }
},
{
    "model": "Concursos_Online.perfil",
    "pk": 24,
    "fields": {
        "usuario": 24,
        "nombre_completo": "Adela Zabaleta Seco",
        "biografia": "Esas electoral condiciones personas juan josé. Agua haya explicó mitad propio. Llama muchas datos segunda.",
        "fecha_nacimiento": "1980-06-06",
        "imagen_perfil": "https://placekitten.com/129/334"
    }
},
{
    "model": "Concursos_Online.perfil",
    "pk": 25,
    "fields": {
        "usuario": 25,
        "nombre_completo": "Estrella Cañete Coronado",
        "biografia": "Región conocer modo silencio puntos. Vamos gobierno ve con aun cerca. Curso recursos común sangre.\nConsumo pesetas política ejército reunión persona interés.",
        "fecha_nacimiento": "2000-06-26",
        "imagen_perfil": "https://placekitten.com/995/807"
    }
},
{
    "model": "Concursos_Online.perfil",
    "pk": 26,
    "fields": {
        "usuario": 26,
        "nombre_completo": "Marcio de Vilar",
        "biografia": "Interior cuya libertad tendrá prensa. Hubo entrar meses siete aspecto centro autoridades.",
        "fecha_nacimiento": "1966-03-14",
        "imagen_perfil": "https://placekitten.com/651/661"
    }
},
{
    "model": "Concursos_Online.perfil",
    "pk": 27,
    "fields": {
        "usuario": 27,
        "nombre_completo": "Dionisio Solís Porcel",
        "biografia": "Principio día médico niño viejo.\nLe resultados distintos universidad todavía cultura. Seguir efectos prueba mis.",
        "fecha_nacimiento": "1967-12-04",
        "imagen_perfil": "https://placekitten.com/654/152"
    }
},
{
    "model": "Concursos_Online.perfil",
    "pk": 28,
    "fields": {
        "usuario": 28,
        "nombre_completo": "Hilario Coronado Moles",
        "biografia": "Comunidad va hecho resultado ii importantes. Grupo sentido hubiera tú.\nÚnico señor yo capital. Duda grande tu película iba conocimiento. Interior gente carácter.",
        "fecha_nacimiento": "1989-08-13",
        "imagen_perfil": "https://dummyimage.com/464x458"
    }
},
{
    "model": "Concursos_Online.perfil",
    "pk": 29,
    "fields": {
        "usuario": 29,
        "nombre_completo": "Efraín Vilalta Llano",
        "biografia": "Del usted sistema único. Título nueva sabe.\nRafael grupo autoridades propios puso hecho tiempos producción. Cultura cuerpo casos años haya bajo energía.",
        "fecha_nacimiento": "1956-01-23",
        "imagen_perfil": "https://dummyimage.com/558x1022"
    }
},
{
    "model": "Concursos_Online.perfil",
    "pk": 30,
    "fields": {
        "usuario": 30,
        "nombre_completo": "Gilberto de Escalona",
        "biografia": "De lleva estudios conocimiento. Ser dólares flores ciencia. Personal sólo precios sería.",
        "fecha_nacimiento": "1967-03-12",
        "imagen_perfil": "https://placekitten.com/266/651"
    }
},
{
    "model": "Concursos_Online.jurado",
    "pk": 1,
    "fields": {
        "usuario": 5,
        "experiencia": 5,
        "especialidad": "Agente de seguros",
        "disponible": true,
        "puntuacion_media": "5.35"
    }
},
{
    "model": "Concursos_Online.jurado",
    "pk": 2,
    "fields": {
        "usuario": 1,
        "experiencia": 7,
        "especialidad": "Gerente general",
        "disponible": true,
        "puntuacion_media": "6.89"
    }
},
{
    "model": "Concursos_Online.jurado",
    "pk": 3,
    "fields": {
        "usuario": 8,
        "experiencia": 5,
        "especialidad": "Trabajador de cuidados personales a domicilio",
        "disponible": true,
        "puntuacion_media": "9.10"
    }
},
{
    "model": "Concursos_Online.jurado",
    "pk": 4,
    "fields": {
        "usuario": 20,
        "experiencia": 5,
        "especialidad": "Dentista",
        "disponible": true,
        "puntuacion_media": "9.55"
    }
},
{
    "model": "Concursos_Online.jurado",
    "pk": 5,
    "fields": {
        "usuario": 23,
        "experiencia": 3,
        "especialidad": "Ebanista",
        "disponible": true,
        "puntuacion_media": "3.11"
    }
},
{
    "model": "Concursos_Online.participante",
    "pk": 1,
    "fields": {
        "usuario": 26,
        "alias": "pijose-angel",
        "edad": 27,
        "nivel": 5,
        "puntuacion_total": "76.65"
    }
},
{
    "model": "Concursos_Online.participante",
    "pk": 2,
    "fields": {
        "usuario": 13,
        "alias": "sandaliolobato",
        "edad": 38,
        "nivel": 5,
        "puntuacion_total": "64.00"
    }
},
{
    "model": "Concursos_Online.participante",
    "pk": 3,
    "fields": {
        "usuario": 22,
        "alias": "uviana",
        "edad": 43,
        "nivel": 3,
        "puntuacion_total": "42.44"
    }
},
{
    "model": "Concursos_Online.participante",
    "pk": 4,
    "fields": {
        "usuario": 25,
        "alias": "ivanpelayo",
        "edad": 47,
        "nivel": 5,
        "puntuacion_total": "67.12"
    }
},
{
    "model": "Concursos_Online.participante",
    "pk": 5,
    "fields": {
        "usuario": 21,
        "alias": "pascuala79",
        "edad": 38,
        "nivel": 2,
        "puntuacion_total": "81.33"
    }
},
{
    "model": "Concursos_Online.participante",
    "pk": 6,
    "fields": {
        "usuario": 2,
        "alias": "ddiaz",
        "edad": 33,
        "nivel": 1,
        "puntuacion_total": "21.58"
    }
},
{
    "model": "Concursos_Online.participante",
    "pk": 7,
    "fields": {
        "usuario": 30,
        "alias": "qmelendez",
        "edad": 26,
        "nivel": 3,
        "puntuacion_total": "11.11"
    }
},
{
    "model": "Concursos_Online.participante",
    "pk": 8,
    "fields": {
        "usuario": 24,
        "alias": "ymilla",
        "edad": 26,
        "nivel": 3,
        "puntuacion_total": "81.38"
    }
},
{
    "model": "Concursos_Online.participante",
    "pk": 9,
    "fields": {
        "usuario": 17,
        "alias": "abigailpatino",
        "edad": 28,
        "nivel": 1,
        "puntuacion_total": "52.42"
    }
},
{
    "model": "Concursos_Online.participante",
    "pk": 10,
    "fields": {
        "usuario": 28,
        "alias": "sanchezrocio",
        "edad": 18,
        "nivel": 1,
        "puntuacion_total": "57.54"
    }
},
{
    "model": "Concursos_Online.administrador",
    "pk": 1,
    "fields": {
        "usuario": 3,
        "area_responsable": "Trabajador agrícola de subsistencia",
        "activo": true,
        "fecha_asignacion": "2025-10-25T21:22:07.526",
        "horario_disponible": "23:08:17"
    }
},
{
    "model": "Concursos_Online.administrador",
    "pk": 2,
    "fields": {
        "usuario": 19,
        "area_responsable": "Agente de bolsa",
        "activo": true,
        "fecha_asignacion": "2025-10-25T21:22:07.531",
        "horario_disponible": "02:15:28"
    }
},
{
    "model": "Concursos_Online.administrador",
    "pk": 3,
    "fields": {
        "usuario": 14,
        "area_responsable": "Operador de máquinas de preparación de fibras, hilado y devanado",
        "activo": true,
        "fecha_asignacion": "2025-10-25T21:22:07.537",
        "horario_disponible": "22:38:52"
    }
},
{
    "model": "Concursos_Online.notificacion",
    "pk": 1,
    "fields": {
        "autor": 1,
        "titulo": "Son como posibilidad siempre llegado natural.",
        "mensaje": "Llamado pedro boca precios español estuvo trata. Fondo desarrollo cuanto salud. I noviembre parecía campo centros principal.",
        "fecha_envio": "2025-10-25T21:22:08.034"
    }
},
{
    "model": "Concursos_Online.notificacion",
    "pk": 2,
    "fields": {
        "autor": 1,
        "titulo": "Justicia ayuda garcía.",
        "mensaje": "Europa cómo atención has minutos medidas medio nuestra. Diferencia ii conocimiento conocimiento. Del tomar suerte caso vuelve mi.",
        "fecha_envio": "2025-10-25T21:22:08.069"
    }
},
{
    "model": "Concursos_Online.notificacion",
    "pk": 3,
    "fields": {
        "autor": 2,
        "titulo": "Cuya finalmente programa estudio embargo.",
        "mensaje": "Silencio nuestra toma rey agua e esfuerzo. Humanos actitud ellas época arte.\nDía amigos méxico. Ocasión somos esta casos desarrollo.",
        "fecha_envio": "2025-10-25T21:22:08.103"
    }
},
{
    "model": "Concursos_Online.notificacion",
    "pk": 4,
    "fields": {
        "autor": 2,
        "titulo": "Año difícil quizá poco.",
        "mensaje": "Condiciones dónde considera pie. Sea pequeño este mes lejos producción fuego los. Informe dinero ocasiones mayor parte.",
        "fecha_envio": "2025-10-25T21:22:08.142"
    }
},
{
    "model": "Concursos_Online.notificacion",
    "pk": 5,
    "fields": {
        "autor": 3,
        "titulo": "Muerte buscar serie segundo fuentes.",
        "mensaje": "Considera esas noviembre niveles función. Allí tiene acto claro una. Reforma podría seis aun principios.",
        "fecha_envio": "2025-10-25T21:22:08.177"
    }
},
{
    "model": "Concursos_Online.notificacion",
    "pk": 6,
    "fields": {
        "autor": 3,
        "titulo": "Voz blanca muestra eso.",
        "mensaje": "Ex una otro deseo visita resto falta consecuencia. Otras tarde ver. Ésta diferencia capaz salir estar toma.",
        "fecha_envio": "2025-10-25T21:22:08.215"
    }
},
{
    "model": "Concursos_Online.recibe",
    "pk": 1,
    "fields": {
        "usuario": 21,
        "notificacion": 1,
        "estado": "PE",
        "fecha_recepcion": "2025-10-25T21:22:08.039"
    }
},
{
    "model": "Concursos_Online.recibe",
    "pk": 2,
    "fields": {
        "usuario": 18,
        "notificacion": 1,
        "estado": "PE",
        "fecha_recepcion": "2025-10-25T21:22:08.044"
    }
},
{
    "model": "Concursos_Online.recibe",
    "pk": 3,
    "fields": {
        "usuario": 12,
        "notificacion": 1,
        "estado": "PE",
        "fecha_recepcion": "2025-10-25T21:22:08.050"
    }
},
{
    "model": "Concursos_Online.recibe",
    "pk": 4,
    "fields": {
        "usuario": 9,
        "notificacion": 1,
        "estado": "EN",
        "fecha_recepcion": "2025-10-25T21:22:08.056"
    }
},
{
    "model": "Concursos_Online.recibe",
    "pk": 5,
    "fields": {
        "usuario": 8,
        "notificacion": 1,
        "estado": "PE",
        "fecha_recepcion": "2025-10-25T21:22:08.063"
    }
},
{
    "model": "Concursos_Online.recibe",
    "pk": 6,
    "fields": {
        "usuario": 30,
        "notificacion": 2,
        "estado": "EN",
        "fecha_recepcion": "2025-10-25T21:22:08.074"
    }
},
{
    "model": "Concursos_Online.recibe",
    "pk": 7,
    "fields": {
        "usuario": 13,
        "notificacion": 2,
        "estado": "EN",
        "fecha_recepcion": "2025-10-25T21:22:08.079"
    }
},
{
    "model": "Concursos_Online.recibe",
    "pk": 8,
    "fields": {
        "usuario": 6,
        "notificacion": 2,
        "estado": "PE",
        "fecha_recepcion": "2025-10-25T21:22:08.086"
    }
},
{
    "model": "Concursos_Online.recibe",
    "pk": 9,
    "fields": {
        "usuario": 8,
        "notificacion": 2,
        "estado": "PE",
        "fecha_recepcion": "2025-10-25T21:22:08.091"
    }
},
{
    "model": "Concursos_Online.recibe",
    "pk": 10,
    "fields": {
        "usuario": 27,
        "notificacion": 2,
        "estado": "EN",
        "fecha_recepcion": "2025-10-25T21:22:08.097"
    }
},
{
    "model": "Concursos_Online.recibe",
    "pk": 11,
    "fields": {
        "usuario": 24,
        "notificacion": 3,
        "estado": "PE",
        "fecha_recepcion": "2025-10-25T21:22:08.109"
    }
},
{
    "model": "Concursos_Online.recibe",
    "pk": 12,
    "fields": {
        "usuario": 19,
        "notificacion": 3,
        "estado": "EN",
        "fecha_recepcion": "2025-10-25T21:22:08.118"
    }
},
{
    "model": "Concursos_Online.recibe",
    "pk": 13,
    "fields": {
        "usuario": 10,
        "notificacion": 3,
        "estado": "PE",
        "fecha_recepcion": "2025-10-25T21:22:08.124"
    }
},
{
    "model": "Concursos_Online.recibe",
    "pk": 14,
    "fields": {
        "usuario": 9,
        "notificacion": 3,
        "estado": "EN",
        "fecha_recepcion": "2025-10-25T21:22:08.130"
    }
},
{
    "model": "Concursos_Online.recibe",
    "pk": 15,
    "fields": {
        "usuario": 8,
        "notificacion": 3,
        "estado": "EN",
        "fecha_recepcion": "2025-10-25T21:22:08.136"
    }
},
{
    "model": "Concursos_Online.recibe",
    "pk": 16,
    "fields": {
        "usuario": 15,
        "notificacion": 4,
        "estado": "EN",
        "fecha_recepcion": "2025-10-25T21:22:08.147"
    }
},
{
    "model": "Concursos_Online.recibe",
    "pk": 17,
    "fields": {
        "usuario": 19,
        "notificacion": 4,
        "estado": "PE",
        "fecha_recepcion": "2025-10-25T21:22:08.152"
    }
},
{
    "model": "Concursos_Online.recibe",
    "pk": 18,
    "fields": {
        "usuario": 28,
        "notificacion": 4,
        "estado": "EN",
        "fecha_recepcion": "2025-10-25T21:22:08.158"
    }
},
{
    "model": "Concursos_Online.recibe",
    "pk": 19,
    "fields": {
        "usuario": 7,
        "notificacion": 4,
        "estado": "EN",
        "fecha_recepcion": "2025-10-25T21:22:08.164"
    }
},
{
    "model": "Concursos_Online.recibe",
    "pk": 20,
    "fields": {
        "usuario": 8,
        "notificacion": 4,
        "estado": "PE",
        "fecha_recepcion": "2025-10-25T21:22:08.170"
    }
},
{
    "model": "Concursos_Online.recibe",
    "pk": 21,
    "fields": {
        "usuario": 27,
        "notificacion": 5,
        "estado": "EN",
        "fecha_recepcion": "2025-10-25T21:22:08.183"
    }
},
{
    "model": "Concursos_Online.recibe",
    "pk": 22,
    "fields": {
        "usuario": 29,
        "notificacion": 5,
        "estado": "EN",
        "fecha_recepcion": "2025-10-25T21:22:08.189"
    }
},
{
    "model": "Concursos_Online.recibe",
    "pk": 23,
    "fields": {
        "usuario": 22,
        "notificacion": 5,
        "estado": "EN",
        "fecha_recepcion": "2025-10-25T21:22:08.195"
    }
},
{
    "model": "Concursos_Online.recibe",
    "pk": 24,
    "fields": {
        "usuario": 5,
        "notificacion": 5,
        "estado": "PE",
        "fecha_recepcion": "2025-10-25T21:22:08.201"
    }
},
{
    "model": "Concursos_Online.recibe",
    "pk": 25,
    "fields": {
        "usuario": 30,
        "notificacion": 5,
        "estado": "EN",
        "fecha_recepcion": "2025-10-25T21:22:08.208"
    }
},
{
    "model": "Concursos_Online.recibe",
    "pk": 26,
    "fields": {
        "usuario": 14,
        "notificacion": 6,
        "estado": "EN",
        "fecha_recepcion": "2025-10-25T21:22:08.220"
    }
},
{
    "model": "Concursos_Online.recibe",
    "pk": 27,
    "fields": {
        "usuario": 1,
        "notificacion": 6,
        "estado": "PE",
        "fecha_recepcion": "2025-10-25T21:22:08.226"
    }
},
{
    "model": "Concursos_Online.recibe",
    "pk": 28,
    "fields": {
        "usuario": 18,
        "notificacion": 6,
        "estado": "EN",
        "fecha_recepcion": "2025-10-25T21:22:08.232"
    }
},
{
    "model": "Concursos_Online.recibe",
    "pk": 29,
    "fields": {
        "usuario": 13,
        "notificacion": 6,
        "estado": "PE",
        "fecha_recepcion": "2025-10-25T21:22:08.238"
    }
},
{
    "model": "Concursos_Online.recibe",
    "pk": 30,
    "fields": {
        "usuario": 9,
        "notificacion": 6,
        "estado": "PE",
        "fecha_recepcion": "2025-10-25T21:22:08.243"
    }
},
{
    "model": "Concursos_Online.concurso",
    "pk": 1,
    "fields": {
        "nombre": "Concurso 1: Especial",
        "descripcion": "Base fuerzas llamado suficiente boca actividad. Mayoría existen norte les asimismo sabe.\nPrimero las curso vía bueno su noche. Características viejo sentido iba dan tiempo mujeres.\nEspaña esfuerzo torno decía. Puerto secretario debido animales paso personas. Me recursos suficiente pese.",
        "fecha_inicio": "2025-05-26T21:22:07.626",
        "fecha_final": "2025-06-09T21:22:07.626",
        "activo": true,
        "creador": 1,
        "ganador": 10
    }
},
{
    "model": "Concursos_Online.concurso",
    "pk": 2,
    "fields": {
        "nombre": "Concurso 2: Entrada",
        "descripcion": "Tratamiento tú modelo. Van encuentro familia clase mujer carlos. Suerte ciencia cuestión pública van b juez través. Santiago pudo sería garcía cualquier situación distintas.\nHa estoy seguridad clase mano oro. Máximo objetivo viejo pensar tipo nuestro veces.",
        "fecha_inicio": "2025-05-09T21:22:07.632",
        "fecha_final": "2025-05-24T21:22:07.632",
        "activo": false,
        "creador": 3,
        "ganador": 2
    }
},
{
    "model": "Concursos_Online.concurso",
    "pk": 3,
    "fields": {
        "nombre": "Concurso 3: República",
        "descripcion": "Imagen profesional personal jorge.\nPedro estar forma lejos también. Ejemplo necesario fuera período cada. Sector recuerdo propia visto. Tendrá cosa forma.\nObra afirmó madrid gente resultados medio. Defensa profesional viaje próximo.",
        "fecha_inicio": "2025-04-28T21:22:07.638",
        "fecha_final": "2025-05-04T21:22:07.638",
        "activo": false,
        "creador": 1,
        "ganador": 5
    }
},
{
    "model": "Concursos_Online.concurso",
    "pk": 4,
    "fields": {
        "nombre": "Concurso 4: Pp",
        "descripcion": "Están pedro llamado objeto atención seguridad marcha. Organización parece baja visita luis.\nB largo psoe. Cual deseo para alrededor. Haber blanca conciencia.\nFamilia familia ex investigación capaz. Tendrá mantener conciencia. Medio fácil casos deseo. Poner mesa ex tema carrera medida nombre.",
        "fecha_inicio": "2025-07-23T21:22:07.643",
        "fecha_final": "2025-07-30T21:22:07.643",
        "activo": true,
        "creador": 2,
        "ganador": 10
    }
},
{
    "model": "Concursos_Online.concurso",
    "pk": 5,
    "fields": {
        "nombre": "Concurso 5: Etapa",
        "descripcion": "Cara expresión aquí. Boca esfuerzo importancia obra resultado futuro pablo. Sería todas niño.\nHabían banco chile precisamente. Función tema mayor familia sentido española proyectos.",
        "fecha_inicio": "2025-04-13T21:22:07.649",
        "fecha_final": "2025-04-28T21:22:07.649",
        "activo": false,
        "creador": 2,
        "ganador": 7
    }
},
{
    "model": "Concursos_Online.trabajo",
    "pk": 1,
    "fields": {
        "participante": 1,
        "concurso": 2,
        "titulo": "Elecciones ciento.",
        "descripcion": "Sean intereses fueron contenido empresa viejo propio. Será cambios octubre después.\nEx rosa mismo nuevas próximo.",
        "archivo": "memoria.pdf",
        "fecha_envio": "2025-10-25T21:22:07.817",
        "puntuacion_promedio": "7.76"
    }
},
{
    "model": "Concursos_Online.trabajo",
    "pk": 2,
    "fields": {
        "participante": 2,
        "concurso": 5,
        "titulo": "Temas historia ambos.",
        "descripcion": "I esas pesetas tribunal puso. Diciembre ya yo cargo junto larga. Rey segunda comercio allí vuelta prensa nosotros recuerdo.",
        "archivo": "poder.pdf",
        "fecha_envio": "2025-10-25T21:22:07.825",
        "puntuacion_promedio": "2.60"
    }
},
{
    "model": "Concursos_Online.trabajo",
    "pk": 3,
    "fields": {
        "participante": 3,
        "concurso": 4,
        "titulo": "Riesgo ambiente países principio espera.",
        "descripcion": "Prueba siete derecho libro ante diez. Sus a propuesta llega.\nJuan u nuestros. Grado valor militar cosa lenguaje. Primero encuentra cine.",
        "archivo": "cambios.pdf",
        "fecha_envio": "2025-10-25T21:22:07.834",
        "puntuacion_promedio": "1.80"
    }
},
{
    "model": "Concursos_Online.trabajo",
    "pk": 4,
    "fields": {
        "participante": 4,
        "concurso": 2,
        "titulo": "Derecha españa miembros blanco alta.",
        "descripcion": "Ve sea economía casi sociedad siguiente cual. M yo iglesia fin primero justicia ojos nacional.",
        "archivo": "lleva.pdf",
        "fecha_envio": "2025-10-25T21:22:07.841",
        "puntuacion_promedio": "2.45"
    }
},
{
    "model": "Concursos_Online.trabajo",
    "pk": 5,
    "fields": {
        "participante": 5,
        "concurso": 3,
        "titulo": "Te dice c entre modelo.",
        "descripcion": "Derecha resultados sólo resultado ésta. Mesa actual rafael. Dejar haber sí aparece muestra están santiago.",
        "archivo": "tu.pdf",
        "fecha_envio": "2025-10-25T21:22:07.849",
        "puntuacion_promedio": "3.34"
    }
},
{
    "model": "Concursos_Online.trabajo",
    "pk": 6,
    "fields": {
        "participante": 6,
        "concurso": 4,
        "titulo": "Abril respecto.",
        "descripcion": "Considera elementos noviembre debido. Quiere diez esas.",
        "archivo": "apenas.pdf",
        "fecha_envio": "2025-10-25T21:22:07.856",
        "puntuacion_promedio": "8.73"
    }
},
{
    "model": "Concursos_Online.trabajo",
    "pk": 7,
    "fields": {
        "participante": 7,
        "concurso": 5,
        "titulo": "Campo poder pocos esfuerzo sin.",
        "descripcion": "Cantidad izquierda carta señor consumo porque. Hijos haber atrás santa menor director ocasiones.",
        "archivo": "mejores.pdf",
        "fecha_envio": "2025-10-25T21:22:07.864",
        "puntuacion_promedio": "6.15"
    }
},
{
    "model": "Concursos_Online.trabajo",
    "pk": 8,
    "fields": {
        "participante": 8,
        "concurso": 1,
        "titulo": "Población garcía.",
        "descripcion": "Diversos cuales cosas forma población instituto río gente. Estado derecha aquellas investigación arte.",
        "archivo": "minutos.pdf",
        "fecha_envio": "2025-10-25T21:22:07.871",
        "puntuacion_promedio": "0.27"
    }
},
{
    "model": "Concursos_Online.trabajo",
    "pk": 9,
    "fields": {
        "participante": 9,
        "concurso": 2,
        "titulo": "Contenido meses posibilidades.",
        "descripcion": "Podía n aire fuerte decir algo iglesia. Problema g señor media. Comercio pequeño especialmente debe menos ayer tierra siendo.",
        "archivo": "señora.pdf",
        "fecha_envio": "2025-10-25T21:22:07.881",
        "puntuacion_promedio": "8.61"
    }
},
{
    "model": "Concursos_Online.trabajo",
    "pk": 10,
    "fields": {
        "participante": 10,
        "concurso": 1,
        "titulo": "Dolor o fuerzas televisión ahí.",
        "descripcion": "Amor memoria sea forma.",
        "archivo": "concepto.pdf",
        "fecha_envio": "2025-10-25T21:22:07.889",
        "puntuacion_promedio": "4.94"
    }
},
{
    "model": "Concursos_Online.inscribe",
    "pk": 1,
    "fields": {
        "participante": 1,
        "concurso": 4,
        "fecha_inscripcion": "2025-10-25T21:22:07.710"
    }
},
{
    "model": "Concursos_Online.inscribe",
    "pk": 2,
    "fields": {
        "participante": 1,
        "concurso": 2,
        "fecha_inscripcion": "2025-10-25T21:22:07.715"
    }
},
{
    "model": "Concursos_Online.inscribe",
    "pk": 3,
    "fields": {
        "participante": 2,
        "concurso": 5,
        "fecha_inscripcion": "2025-10-25T21:22:07.721"
    }
},
{
    "model": "Concursos_Online.inscribe",
    "pk": 4,
    "fields": {
        "participante": 2,
        "concurso": 2,
        "fecha_inscripcion": "2025-10-25T21:22:07.726"
    }
},
{
    "model": "Concursos_Online.inscribe",
    "pk": 5,
    "fields": {
        "participante": 3,
        "concurso": 3,
        "fecha_inscripcion": "2025-10-25T21:22:07.731"
    }
},
{
    "model": "Concursos_Online.inscribe",
    "pk": 6,
    "fields": {
        "participante": 3,
        "concurso": 4,
        "fecha_inscripcion": "2025-10-25T21:22:07.736"
    }
},
{
    "model": "Concursos_Online.inscribe",
    "pk": 7,
    "fields": {
        "participante": 4,
        "concurso": 2,
        "fecha_inscripcion": "2025-10-25T21:22:07.741"
    }
},
{
    "model": "Concursos_Online.inscribe",
    "pk": 8,
    "fields": {
        "participante": 4,
        "concurso": 5,
        "fecha_inscripcion": "2025-10-25T21:22:07.747"
    }
},
{
    "model": "Concursos_Online.inscribe",
    "pk": 9,
    "fields": {
        "participante": 5,
        "concurso": 2,
        "fecha_inscripcion": "2025-10-25T21:22:07.753"
    }
},
{
    "model": "Concursos_Online.inscribe",
    "pk": 10,
    "fields": {
        "participante": 5,
        "concurso": 3,
        "fecha_inscripcion": "2025-10-25T21:22:07.758"
    }
},
{
    "model": "Concursos_Online.inscribe",
    "pk": 11,
    "fields": {
        "participante": 6,
        "concurso": 5,
        "fecha_inscripcion": "2025-10-25T21:22:07.763"
    }
},
{
    "model": "Concursos_Online.inscribe",
    "pk": 12,
    "fields": {
        "participante": 6,
        "concurso": 4,
        "fecha_inscripcion": "2025-10-25T21:22:07.768"
    }
},
{
    "model": "Concursos_Online.inscribe",
    "pk": 13,
    "fields": {
        "participante": 7,
        "concurso": 2,
        "fecha_inscripcion": "2025-10-25T21:22:07.773"
    }
},
{
    "model": "Concursos_Online.inscribe",
    "pk": 14,
    "fields": {
        "participante": 7,
        "concurso": 5,
        "fecha_inscripcion": "2025-10-25T21:22:07.778"
    }
},
{
    "model": "Concursos_Online.inscribe",
    "pk": 15,
    "fields": {
        "participante": 8,
        "concurso": 5,
        "fecha_inscripcion": "2025-10-25T21:22:07.782"
    }
},
{
    "model": "Concursos_Online.inscribe",
    "pk": 16,
    "fields": {
        "participante": 8,
        "concurso": 1,
        "fecha_inscripcion": "2025-10-25T21:22:07.787"
    }
},
{
    "model": "Concursos_Online.inscribe",
    "pk": 17,
    "fields": {
        "participante": 9,
        "concurso": 2,
        "fecha_inscripcion": "2025-10-25T21:22:07.792"
    }
},
{
    "model": "Concursos_Online.inscribe",
    "pk": 18,
    "fields": {
        "participante": 9,
        "concurso": 4,
        "fecha_inscripcion": "2025-10-25T21:22:07.797"
    }
},
{
    "model": "Concursos_Online.inscribe",
    "pk": 19,
    "fields": {
        "participante": 10,
        "concurso": 4,
        "fecha_inscripcion": "2025-10-25T21:22:07.803"
    }
},
{
    "model": "Concursos_Online.inscribe",
    "pk": 20,
    "fields": {
        "participante": 10,
        "concurso": 1,
        "fecha_inscripcion": "2025-10-25T21:22:07.809"
    }
},
{
    "model": "Concursos_Online.asigna",
    "pk": 1,
    "fields": {
        "jurado": 1,
        "concurso": 2,
        "fecha_asignacion": "2025-10-25T21:22:07.654",
        "activo": true
    }
},
{
    "model": "Concursos_Online.asigna",
    "pk": 2,
    "fields": {
        "jurado": 1,
        "concurso": 1,
        "fecha_asignacion": "2025-10-25T21:22:07.660",
        "activo": true
    }
},
{
    "model": "Concursos_Online.asigna",
    "pk": 3,
    "fields": {
        "jurado": 2,
        "concurso": 2,
        "fecha_asignacion": "2025-10-25T21:22:07.666",
        "activo": true
    }
},
{
    "model": "Concursos_Online.asigna",
    "pk": 4,
    "fields": {
        "jurado": 2,
        "concurso": 3,
        "fecha_asignacion": "2025-10-25T21:22:07.672",
        "activo": true
    }
},
{
    "model": "Concursos_Online.asigna",
    "pk": 5,
    "fields": {
        "jurado": 3,
        "concurso": 1,
        "fecha_asignacion": "2025-10-25T21:22:07.678",
        "activo": true
    }
},
{
    "model": "Concursos_Online.asigna",
    "pk": 6,
    "fields": {
        "jurado": 3,
        "concurso": 3,
        "fecha_asignacion": "2025-10-25T21:22:07.684",
        "activo": true
    }
},
{
    "model": "Concursos_Online.asigna",
    "pk": 7,
    "fields": {
        "jurado": 4,
        "concurso": 4,
        "fecha_asignacion": "2025-10-25T21:22:07.690",
        "activo": true
    }
},
{
    "model": "Concursos_Online.asigna",
    "pk": 8,
    "fields": {
        "jurado": 4,
        "concurso": 2,
        "fecha_asignacion": "2025-10-25T21:22:07.695",
        "activo": true
    }
},
{
    "model": "Concursos_Online.asigna",
    "pk": 9,
    "fields": {
        "jurado": 5,
        "concurso": 4,
        "fecha_asignacion": "2025-10-25T21:22:07.700",
        "activo": true
    }
},
{
    "model": "Concursos_Online.asigna",
    "pk": 10,
    "fields": {
        "jurado": 5,
        "concurso": 5,
        "fecha_asignacion": "2025-10-25T21:22:07.705",
        "activo": true
    }
},
{
    "model": "Concursos_Online.evaluacion",
    "pk": 1,
    "fields": {
        "jurado": 1,
        "trabajo": 1,
        "puntuacion": "2.57",
        "comentario": "Económico pueblo están más respuesta sistema. Luego amigo próximo doctor estudios.",
        "fecha_evaluacion": "2025-10-25T21:22:07.901"
    }
},
{
    "model": "Concursos_Online.evaluacion",
    "pk": 2,
    "fields": {
        "jurado": 2,
        "trabajo": 1,
        "puntuacion": "3.83",
        "comentario": "Sistemas francia estar pública. Cantidad vamos por.",
        "fecha_evaluacion": "2025-10-25T21:22:07.906"
    }
},
{
    "model": "Concursos_Online.evaluacion",
    "pk": 3,
    "fields": {
        "jurado": 4,
        "trabajo": 1,
        "puntuacion": "2.71",
        "comentario": "Antes les principios parte carne. Palabras mejor constitución.",
        "fecha_evaluacion": "2025-10-25T21:22:07.912"
    }
},
{
    "model": "Concursos_Online.evaluacion",
    "pk": 4,
    "fields": {
        "jurado": 5,
        "trabajo": 2,
        "puntuacion": "6.10",
        "comentario": "Cada mayor ya años premio. Van casos programas atención muerto llama habría sigue.",
        "fecha_evaluacion": "2025-10-25T21:22:07.918"
    }
},
{
    "model": "Concursos_Online.evaluacion",
    "pk": 5,
    "fields": {
        "jurado": 4,
        "trabajo": 3,
        "puntuacion": "8.22",
        "comentario": "Llevar tanto unidad. Posible hubo u u buena j misma.",
        "fecha_evaluacion": "2025-10-25T21:22:07.925"
    }
},
{
    "model": "Concursos_Online.evaluacion",
    "pk": 6,
    "fields": {
        "jurado": 5,
        "trabajo": 3,
        "puntuacion": "0.29",
        "comentario": "Puerto bueno además bajo político.",
        "fecha_evaluacion": "2025-10-25T21:22:07.931"
    }
},
{
    "model": "Concursos_Online.evaluacion",
    "pk": 7,
    "fields": {
        "jurado": 1,
        "trabajo": 4,
        "puntuacion": "5.20",
        "comentario": "Mejores otros estudio. Llamado jorge cual sabía. Su va obra hasta.",
        "fecha_evaluacion": "2025-10-25T21:22:07.938"
    }
},
{
    "model": "Concursos_Online.evaluacion",
    "pk": 8,
    "fields": {
        "jurado": 2,
        "trabajo": 4,
        "puntuacion": "9.71",
        "comentario": "Capital plan interés datos mismos presidente derechos. Imposible aún eran va.",
        "fecha_evaluacion": "2025-10-25T21:22:07.944"
    }
},
{
    "model": "Concursos_Online.evaluacion",
    "pk": 9,
    "fields": {
        "jurado": 4,
        "trabajo": 4,
        "puntuacion": "6.74",
        "comentario": "Sólo vuelve corazón edad. Forma grupo aquel.",
        "fecha_evaluacion": "2025-10-25T21:22:07.949"
    }
},
{
    "model": "Concursos_Online.evaluacion",
    "pk": 10,
    "fields": {
        "jurado": 2,
        "trabajo": 5,
        "puntuacion": "0.93",
        "comentario": "Servicio plan época él obras. Tampoco exterior fiscal pues vuelve nunca actividades.",
        "fecha_evaluacion": "2025-10-25T21:22:07.956"
    }
},
{
    "model": "Concursos_Online.evaluacion",
    "pk": 11,
    "fields": {
        "jurado": 3,
        "trabajo": 5,
        "puntuacion": "6.04",
        "comentario": "Sobre sol tener momento población campo sueño. Negro niveles deben aspecto hermano.",
        "fecha_evaluacion": "2025-10-25T21:22:07.962"
    }
},
{
    "model": "Concursos_Online.evaluacion",
    "pk": 12,
    "fields": {
        "jurado": 4,
        "trabajo": 6,
        "puntuacion": "5.34",
        "comentario": "Premio europea buena i. España contra tampoco lucha vino proyecto cuerpo.",
        "fecha_evaluacion": "2025-10-25T21:22:07.969"
    }
},
{
    "model": "Concursos_Online.evaluacion",
    "pk": 13,
    "fields": {
        "jurado": 5,
        "trabajo": 6,
        "puntuacion": "6.82",
        "comentario": "Dado fuera tuvo asunto más. Ahí ninguna sueño marco.",
        "fecha_evaluacion": "2025-10-25T21:22:07.975"
    }
},
{
    "model": "Concursos_Online.evaluacion",
    "pk": 14,
    "fields": {
        "jurado": 5,
        "trabajo": 7,
        "puntuacion": "6.92",
        "comentario": "Medio técnica cabeza habría.",
        "fecha_evaluacion": "2025-10-25T21:22:07.982"
    }
},
{
    "model": "Concursos_Online.evaluacion",
    "pk": 15,
    "fields": {
        "jurado": 1,
        "trabajo": 8,
        "puntuacion": "7.16",
        "comentario": "Minutos cabeza considera. Resto puerto que mejor. Española aquel autoridades.",
        "fecha_evaluacion": "2025-10-25T21:22:07.989"
    }
},
{
    "model": "Concursos_Online.evaluacion",
    "pk": 16,
    "fields": {
        "jurado": 3,
        "trabajo": 8,
        "puntuacion": "6.33",
        "comentario": "Algo como cuenta piel.",
        "fecha_evaluacion": "2025-10-25T21:22:07.995"
    }
},
{
    "model": "Concursos_Online.evaluacion",
    "pk": 17,
    "fields": {
        "jurado": 1,
        "trabajo": 9,
        "puntuacion": "7.18",
        "comentario": "Primera contenido ningún. Pese siguientes llegado quizá ahora hubiera.",
        "fecha_evaluacion": "2025-10-25T21:22:08.002"
    }
},
{
    "model": "Concursos_Online.evaluacion",
    "pk": 18,
    "fields": {
        "jurado": 2,
        "trabajo": 9,
        "puntuacion": "3.21",
        "comentario": "Político atención mucha ahí existencia. Que informe partidos sociales afirmó.",
        "fecha_evaluacion": "2025-10-25T21:22:08.009"
    }
},
{
    "model": "Concursos_Online.evaluacion",
    "pk": 19,
    "fields": {
        "jurado": 4,
        "trabajo": 9,
        "puntuacion": "4.93",
        "comentario": "Fernando importante ocasión encima enfermedad camino. Revolución tengo instituciones público valor.",
        "fecha_evaluacion": "2025-10-25T21:22:08.016"
    }
},
{
    "model": "Concursos_Online.evaluacion",
    "pk": 20,
    "fields": {
        "jurado": 1,
        "trabajo": 10,
        "puntuacion": "8.27",
        "comentario": "Médico riesgo largo líder fecha fuerzas pequeño. Señor nunca dentro otras control unión.",
        "fecha_evaluacion": "2025-10-25T21:22:08.022"
    }
},
{
    "model": "Concursos_Online.evaluacion",
    "pk": 21,
    "fields": {
        "jurado": 3,
        "trabajo": 10,
        "puntuacion": "2.24",
        "comentario": "Guerra donde agua régimen grupo idea. Encontrar cual millones políticos marcha.",
        "fecha_evaluacion": "2025-10-25T21:22:08.028"
    }
}
]
