[
{
    "model": "auth.permission",
    "pk": 1,
    "fields": {
        "name": "Can add log entry",
        "content_type": 1,
        "codename": "add_logentry"
    }
},
{
    "model": "auth.permission",
    "pk": 2,
    "fields": {
        "name": "Can change log entry",
        "content_type": 1,
        "codename": "change_logentry"
    }
},
{
    "model": "auth.permission",
    "pk": 3,
    "fields": {
        "name": "Can delete log entry",
        "content_type": 1,
        "codename": "delete_logentry"
    }
},
{
    "model": "auth.permission",
    "pk": 4,
    "fields": {
        "name": "Can view log entry",
        "content_type": 1,
        "codename": "view_logentry"
    }
},
{
    "model": "auth.permission",
    "pk": 5,
    "fields": {
        "name": "Can add permission",
        "content_type": 2,
        "codename": "add_permission"
    }
},
{
    "model": "auth.permission",
    "pk": 6,
    "fields": {
        "name": "Can change permission",
        "content_type": 2,
        "codename": "change_permission"
    }
},
{
    "model": "auth.permission",
    "pk": 7,
    "fields": {
        "name": "Can delete permission",
        "content_type": 2,
        "codename": "delete_permission"
    }
},
{
    "model": "auth.permission",
    "pk": 8,
    "fields": {
        "name": "Can view permission",
        "content_type": 2,
        "codename": "view_permission"
    }
},
{
    "model": "auth.permission",
    "pk": 9,
    "fields": {
        "name": "Can add group",
        "content_type": 3,
        "codename": "add_group"
    }
},
{
    "model": "auth.permission",
    "pk": 10,
    "fields": {
        "name": "Can change group",
        "content_type": 3,
        "codename": "change_group"
    }
},
{
    "model": "auth.permission",
    "pk": 11,
    "fields": {
        "name": "Can delete group",
        "content_type": 3,
        "codename": "delete_group"
    }
},
{
    "model": "auth.permission",
    "pk": 12,
    "fields": {
        "name": "Can view group",
        "content_type": 3,
        "codename": "view_group"
    }
},
{
    "model": "auth.permission",
    "pk": 13,
    "fields": {
        "name": "Can add user",
        "content_type": 4,
        "codename": "add_user"
    }
},
{
    "model": "auth.permission",
    "pk": 14,
    "fields": {
        "name": "Can change user",
        "content_type": 4,
        "codename": "change_user"
    }
},
{
    "model": "auth.permission",
    "pk": 15,
    "fields": {
        "name": "Can delete user",
        "content_type": 4,
        "codename": "delete_user"
    }
},
{
    "model": "auth.permission",
    "pk": 16,
    "fields": {
        "name": "Can view user",
        "content_type": 4,
        "codename": "view_user"
    }
},
{
    "model": "auth.permission",
    "pk": 17,
    "fields": {
        "name": "Can add content type",
        "content_type": 5,
        "codename": "add_contenttype"
    }
},
{
    "model": "auth.permission",
    "pk": 18,
    "fields": {
        "name": "Can change content type",
        "content_type": 5,
        "codename": "change_contenttype"
    }
},
{
    "model": "auth.permission",
    "pk": 19,
    "fields": {
        "name": "Can delete content type",
        "content_type": 5,
        "codename": "delete_contenttype"
    }
},
{
    "model": "auth.permission",
    "pk": 20,
    "fields": {
        "name": "Can view content type",
        "content_type": 5,
        "codename": "view_contenttype"
    }
},
{
    "model": "auth.permission",
    "pk": 21,
    "fields": {
        "name": "Can add session",
        "content_type": 6,
        "codename": "add_session"
    }
},
{
    "model": "auth.permission",
    "pk": 22,
    "fields": {
        "name": "Can change session",
        "content_type": 6,
        "codename": "change_session"
    }
},
{
    "model": "auth.permission",
    "pk": 23,
    "fields": {
        "name": "Can delete session",
        "content_type": 6,
        "codename": "delete_session"
    }
},
{
    "model": "auth.permission",
    "pk": 24,
    "fields": {
        "name": "Can view session",
        "content_type": 6,
        "codename": "view_session"
    }
},
{
    "model": "auth.permission",
    "pk": 25,
    "fields": {
        "name": "Can add administrador",
        "content_type": 7,
        "codename": "add_administrador"
    }
},
{
    "model": "auth.permission",
    "pk": 26,
    "fields": {
        "name": "Can change administrador",
        "content_type": 7,
        "codename": "change_administrador"
    }
},
{
    "model": "auth.permission",
    "pk": 27,
    "fields": {
        "name": "Can delete administrador",
        "content_type": 7,
        "codename": "delete_administrador"
    }
},
{
    "model": "auth.permission",
    "pk": 28,
    "fields": {
        "name": "Can view administrador",
        "content_type": 7,
        "codename": "view_administrador"
    }
},
{
    "model": "auth.permission",
    "pk": 29,
    "fields": {
        "name": "Can add participante",
        "content_type": 8,
        "codename": "add_participante"
    }
},
{
    "model": "auth.permission",
    "pk": 30,
    "fields": {
        "name": "Can change participante",
        "content_type": 8,
        "codename": "change_participante"
    }
},
{
    "model": "auth.permission",
    "pk": 31,
    "fields": {
        "name": "Can delete participante",
        "content_type": 8,
        "codename": "delete_participante"
    }
},
{
    "model": "auth.permission",
    "pk": 32,
    "fields": {
        "name": "Can view participante",
        "content_type": 8,
        "codename": "view_participante"
    }
},
{
    "model": "auth.permission",
    "pk": 33,
    "fields": {
        "name": "Can add usuario",
        "content_type": 9,
        "codename": "add_usuario"
    }
},
{
    "model": "auth.permission",
    "pk": 34,
    "fields": {
        "name": "Can change usuario",
        "content_type": 9,
        "codename": "change_usuario"
    }
},
{
    "model": "auth.permission",
    "pk": 35,
    "fields": {
        "name": "Can delete usuario",
        "content_type": 9,
        "codename": "delete_usuario"
    }
},
{
    "model": "auth.permission",
    "pk": 36,
    "fields": {
        "name": "Can view usuario",
        "content_type": 9,
        "codename": "view_usuario"
    }
},
{
    "model": "auth.permission",
    "pk": 37,
    "fields": {
        "name": "Can add concurso",
        "content_type": 10,
        "codename": "add_concurso"
    }
},
{
    "model": "auth.permission",
    "pk": 38,
    "fields": {
        "name": "Can change concurso",
        "content_type": 10,
        "codename": "change_concurso"
    }
},
{
    "model": "auth.permission",
    "pk": 39,
    "fields": {
        "name": "Can delete concurso",
        "content_type": 10,
        "codename": "delete_concurso"
    }
},
{
    "model": "auth.permission",
    "pk": 40,
    "fields": {
        "name": "Can view concurso",
        "content_type": 10,
        "codename": "view_concurso"
    }
},
{
    "model": "auth.permission",
    "pk": 41,
    "fields": {
        "name": "Can add asigna",
        "content_type": 11,
        "codename": "add_asigna"
    }
},
{
    "model": "auth.permission",
    "pk": 42,
    "fields": {
        "name": "Can change asigna",
        "content_type": 11,
        "codename": "change_asigna"
    }
},
{
    "model": "auth.permission",
    "pk": 43,
    "fields": {
        "name": "Can delete asigna",
        "content_type": 11,
        "codename": "delete_asigna"
    }
},
{
    "model": "auth.permission",
    "pk": 44,
    "fields": {
        "name": "Can view asigna",
        "content_type": 11,
        "codename": "view_asigna"
    }
},
{
    "model": "auth.permission",
    "pk": 45,
    "fields": {
        "name": "Can add jurado",
        "content_type": 12,
        "codename": "add_jurado"
    }
},
{
    "model": "auth.permission",
    "pk": 46,
    "fields": {
        "name": "Can change jurado",
        "content_type": 12,
        "codename": "change_jurado"
    }
},
{
    "model": "auth.permission",
    "pk": 47,
    "fields": {
        "name": "Can delete jurado",
        "content_type": 12,
        "codename": "delete_jurado"
    }
},
{
    "model": "auth.permission",
    "pk": 48,
    "fields": {
        "name": "Can view jurado",
        "content_type": 12,
        "codename": "view_jurado"
    }
},
{
    "model": "auth.permission",
    "pk": 49,
    "fields": {
        "name": "Can add evaluacion",
        "content_type": 13,
        "codename": "add_evaluacion"
    }
},
{
    "model": "auth.permission",
    "pk": 50,
    "fields": {
        "name": "Can change evaluacion",
        "content_type": 13,
        "codename": "change_evaluacion"
    }
},
{
    "model": "auth.permission",
    "pk": 51,
    "fields": {
        "name": "Can delete evaluacion",
        "content_type": 13,
        "codename": "delete_evaluacion"
    }
},
{
    "model": "auth.permission",
    "pk": 52,
    "fields": {
        "name": "Can view evaluacion",
        "content_type": 13,
        "codename": "view_evaluacion"
    }
},
{
    "model": "auth.permission",
    "pk": 53,
    "fields": {
        "name": "Can add notificacion",
        "content_type": 14,
        "codename": "add_notificacion"
    }
},
{
    "model": "auth.permission",
    "pk": 54,
    "fields": {
        "name": "Can change notificacion",
        "content_type": 14,
        "codename": "change_notificacion"
    }
},
{
    "model": "auth.permission",
    "pk": 55,
    "fields": {
        "name": "Can delete notificacion",
        "content_type": 14,
        "codename": "delete_notificacion"
    }
},
{
    "model": "auth.permission",
    "pk": 56,
    "fields": {
        "name": "Can view notificacion",
        "content_type": 14,
        "codename": "view_notificacion"
    }
},
{
    "model": "auth.permission",
    "pk": 57,
    "fields": {
        "name": "Can add inscribe",
        "content_type": 15,
        "codename": "add_inscribe"
    }
},
{
    "model": "auth.permission",
    "pk": 58,
    "fields": {
        "name": "Can change inscribe",
        "content_type": 15,
        "codename": "change_inscribe"
    }
},
{
    "model": "auth.permission",
    "pk": 59,
    "fields": {
        "name": "Can delete inscribe",
        "content_type": 15,
        "codename": "delete_inscribe"
    }
},
{
    "model": "auth.permission",
    "pk": 60,
    "fields": {
        "name": "Can view inscribe",
        "content_type": 15,
        "codename": "view_inscribe"
    }
},
{
    "model": "auth.permission",
    "pk": 61,
    "fields": {
        "name": "Can add trabajo",
        "content_type": 16,
        "codename": "add_trabajo"
    }
},
{
    "model": "auth.permission",
    "pk": 62,
    "fields": {
        "name": "Can change trabajo",
        "content_type": 16,
        "codename": "change_trabajo"
    }
},
{
    "model": "auth.permission",
    "pk": 63,
    "fields": {
        "name": "Can delete trabajo",
        "content_type": 16,
        "codename": "delete_trabajo"
    }
},
{
    "model": "auth.permission",
    "pk": 64,
    "fields": {
        "name": "Can view trabajo",
        "content_type": 16,
        "codename": "view_trabajo"
    }
},
{
    "model": "auth.permission",
    "pk": 65,
    "fields": {
        "name": "Can add recibe",
        "content_type": 17,
        "codename": "add_recibe"
    }
},
{
    "model": "auth.permission",
    "pk": 66,
    "fields": {
        "name": "Can change recibe",
        "content_type": 17,
        "codename": "change_recibe"
    }
},
{
    "model": "auth.permission",
    "pk": 67,
    "fields": {
        "name": "Can delete recibe",
        "content_type": 17,
        "codename": "delete_recibe"
    }
},
{
    "model": "auth.permission",
    "pk": 68,
    "fields": {
        "name": "Can view recibe",
        "content_type": 17,
        "codename": "view_recibe"
    }
},
{
    "model": "auth.permission",
    "pk": 69,
    "fields": {
        "name": "Can add perfil",
        "content_type": 18,
        "codename": "add_perfil"
    }
},
{
    "model": "auth.permission",
    "pk": 70,
    "fields": {
        "name": "Can change perfil",
        "content_type": 18,
        "codename": "change_perfil"
    }
},
{
    "model": "auth.permission",
    "pk": 71,
    "fields": {
        "name": "Can delete perfil",
        "content_type": 18,
        "codename": "delete_perfil"
    }
},
{
    "model": "auth.permission",
    "pk": 72,
    "fields": {
        "name": "Can view perfil",
        "content_type": 18,
        "codename": "view_perfil"
    }
},
{
    "model": "contenttypes.contenttype",
    "pk": 1,
    "fields": {
        "app_label": "admin",
        "model": "logentry"
    }
},
{
    "model": "contenttypes.contenttype",
    "pk": 2,
    "fields": {
        "app_label": "auth",
        "model": "permission"
    }
},
{
    "model": "contenttypes.contenttype",
    "pk": 3,
    "fields": {
        "app_label": "auth",
        "model": "group"
    }
},
{
    "model": "contenttypes.contenttype",
    "pk": 4,
    "fields": {
        "app_label": "auth",
        "model": "user"
    }
},
{
    "model": "contenttypes.contenttype",
    "pk": 5,
    "fields": {
        "app_label": "contenttypes",
        "model": "contenttype"
    }
},
{
    "model": "contenttypes.contenttype",
    "pk": 6,
    "fields": {
        "app_label": "sessions",
        "model": "session"
    }
},
{
    "model": "contenttypes.contenttype",
    "pk": 7,
    "fields": {
        "app_label": "Concursos_Online",
        "model": "administrador"
    }
},
{
    "model": "contenttypes.contenttype",
    "pk": 8,
    "fields": {
        "app_label": "Concursos_Online",
        "model": "participante"
    }
},
{
    "model": "contenttypes.contenttype",
    "pk": 9,
    "fields": {
        "app_label": "Concursos_Online",
        "model": "usuario"
    }
},
{
    "model": "contenttypes.contenttype",
    "pk": 10,
    "fields": {
        "app_label": "Concursos_Online",
        "model": "concurso"
    }
},
{
    "model": "contenttypes.contenttype",
    "pk": 11,
    "fields": {
        "app_label": "Concursos_Online",
        "model": "asigna"
    }
},
{
    "model": "contenttypes.contenttype",
    "pk": 12,
    "fields": {
        "app_label": "Concursos_Online",
        "model": "jurado"
    }
},
{
    "model": "contenttypes.contenttype",
    "pk": 13,
    "fields": {
        "app_label": "Concursos_Online",
        "model": "evaluacion"
    }
},
{
    "model": "contenttypes.contenttype",
    "pk": 14,
    "fields": {
        "app_label": "Concursos_Online",
        "model": "notificacion"
    }
},
{
    "model": "contenttypes.contenttype",
    "pk": 15,
    "fields": {
        "app_label": "Concursos_Online",
        "model": "inscribe"
    }
},
{
    "model": "contenttypes.contenttype",
    "pk": 16,
    "fields": {
        "app_label": "Concursos_Online",
        "model": "trabajo"
    }
},
{
    "model": "contenttypes.contenttype",
    "pk": 17,
    "fields": {
        "app_label": "Concursos_Online",
        "model": "recibe"
    }
},
{
    "model": "contenttypes.contenttype",
    "pk": 18,
    "fields": {
        "app_label": "Concursos_Online",
        "model": "perfil"
    }
},
{
    "model": "Concursos_Online.usuario",
    "pk": 1,
    "fields": {
        "nombre_usuario": "judithrosell",
        "correo": "alvaro70@example.org",
        "password": "&8WERBdAii",
        "fecha_registro": "2025-10-12T19:38:14.686"
    }
},
{
    "model": "Concursos_Online.usuario",
    "pk": 2,
    "fields": {
        "nombre_usuario": "almeidaleire",
        "correo": "guerraleandro@example.org",
        "password": "mApf0Mz^@#",
        "fecha_registro": "2025-10-12T19:38:14.693"
    }
},
{
    "model": "Concursos_Online.usuario",
    "pk": 3,
    "fields": {
        "nombre_usuario": "sverdu",
        "correo": "pinillanazaret@example.net",
        "password": "9eMMrm_m#8",
        "fecha_registro": "2025-10-12T19:38:14.698"
    }
},
{
    "model": "Concursos_Online.usuario",
    "pk": 4,
    "fields": {
        "nombre_usuario": "maribel37",
        "correo": "conchaamor@example.net",
        "password": "!6BXZ@vy%v",
        "fecha_registro": "2025-10-12T19:38:14.704"
    }
},
{
    "model": "Concursos_Online.usuario",
    "pk": 5,
    "fields": {
        "nombre_usuario": "morena05",
        "correo": "montserrat97@example.org",
        "password": "_Z!1ZArjEZ",
        "fecha_registro": "2025-10-12T19:38:14.710"
    }
},
{
    "model": "Concursos_Online.usuario",
    "pk": 6,
    "fields": {
        "nombre_usuario": "npalacio",
        "correo": "chamorrobernardino@example.com",
        "password": "M^g5@PCwR0",
        "fecha_registro": "2025-10-12T19:38:14.715"
    }
},
{
    "model": "Concursos_Online.usuario",
    "pk": 7,
    "fields": {
        "nombre_usuario": "reyna32",
        "correo": "llobetluna@example.net",
        "password": "oq7R7vGpl(",
        "fecha_registro": "2025-10-12T19:38:14.721"
    }
},
{
    "model": "Concursos_Online.usuario",
    "pk": 8,
    "fields": {
        "nombre_usuario": "victor-manuelcaro",
        "correo": "ipalomo@example.net",
        "password": "$9R$(9lU9+",
        "fecha_registro": "2025-10-12T19:38:14.727"
    }
},
{
    "model": "Concursos_Online.usuario",
    "pk": 9,
    "fields": {
        "nombre_usuario": "jose-ignacio38",
        "correo": "fitorey@example.org",
        "password": "#ES4grPyR9",
        "fecha_registro": "2025-10-12T19:38:14.732"
    }
},
{
    "model": "Concursos_Online.usuario",
    "pk": 10,
    "fields": {
        "nombre_usuario": "uvina",
        "correo": "jcabo@example.org",
        "password": "jgN19Jjm++",
        "fecha_registro": "2025-10-12T19:38:14.737"
    }
},
{
    "model": "Concursos_Online.usuario",
    "pk": 11,
    "fields": {
        "nombre_usuario": "emilianogutierrez",
        "correo": "amaya90@example.org",
        "password": "(3IK55umF4",
        "fecha_registro": "2025-10-12T19:38:14.743"
    }
},
{
    "model": "Concursos_Online.usuario",
    "pk": 12,
    "fields": {
        "nombre_usuario": "saezcatalina",
        "correo": "luciotamarit@example.com",
        "password": "9i42^A8k#4",
        "fecha_registro": "2025-10-12T19:38:14.748"
    }
},
{
    "model": "Concursos_Online.usuario",
    "pk": 13,
    "fields": {
        "nombre_usuario": "xquintero",
        "correo": "aandrade@example.com",
        "password": "@04LKb*sLQ",
        "fecha_registro": "2025-10-12T19:38:14.753"
    }
},
{
    "model": "Concursos_Online.usuario",
    "pk": 14,
    "fields": {
        "nombre_usuario": "fllopis",
        "correo": "sllamas@example.org",
        "password": "c2YK_K)#%A",
        "fecha_registro": "2025-10-12T19:38:14.759"
    }
},
{
    "model": "Concursos_Online.usuario",
    "pk": 15,
    "fields": {
        "nombre_usuario": "zvazquez",
        "correo": "glauco57@example.com",
        "password": "EkIiO*Yj@6",
        "fecha_registro": "2025-10-12T19:38:14.764"
    }
},
{
    "model": "Concursos_Online.usuario",
    "pk": 16,
    "fields": {
        "nombre_usuario": "isidorocrespi",
        "correo": "rvalenzuela@example.com",
        "password": "@84PdepgU5",
        "fecha_registro": "2025-10-12T19:38:14.769"
    }
},
{
    "model": "Concursos_Online.usuario",
    "pk": 17,
    "fields": {
        "nombre_usuario": "montserratroig",
        "correo": "olivearsenio@example.net",
        "password": ")!3FuQq0Xv",
        "fecha_registro": "2025-10-12T19:38:14.775"
    }
},
{
    "model": "Concursos_Online.usuario",
    "pk": 18,
    "fields": {
        "nombre_usuario": "scamps",
        "correo": "hectorriquelme@example.com",
        "password": "+6DUk%6tu*",
        "fecha_registro": "2025-10-12T19:38:14.780"
    }
},
{
    "model": "Concursos_Online.usuario",
    "pk": 19,
    "fields": {
        "nombre_usuario": "lina88",
        "correo": "franchjose-manuel@example.org",
        "password": "Y%6w2DW7Of",
        "fecha_registro": "2025-10-12T19:38:14.785"
    }
},
{
    "model": "Concursos_Online.usuario",
    "pk": 20,
    "fields": {
        "nombre_usuario": "kprat",
        "correo": "perelloester@example.net",
        "password": "qOV8LaFn%+",
        "fecha_registro": "2025-10-12T19:38:14.791"
    }
},
{
    "model": "Concursos_Online.usuario",
    "pk": 21,
    "fields": {
        "nombre_usuario": "ybaquero",
        "correo": "jpaz@example.org",
        "password": "%@61BAEo&)",
        "fecha_registro": "2025-10-12T19:38:14.797"
    }
},
{
    "model": "Concursos_Online.usuario",
    "pk": 22,
    "fields": {
        "nombre_usuario": "abascalduilio",
        "correo": "dvillanueva@example.com",
        "password": "amh_X3Pym&",
        "fecha_registro": "2025-10-12T19:38:14.803"
    }
},
{
    "model": "Concursos_Online.usuario",
    "pk": 23,
    "fields": {
        "nombre_usuario": "ana14",
        "correo": "rubenmanrique@example.net",
        "password": "*N12He@k#q",
        "fecha_registro": "2025-10-12T19:38:14.809"
    }
},
{
    "model": "Concursos_Online.usuario",
    "pk": 24,
    "fields": {
        "nombre_usuario": "adalberto74",
        "correo": "leonardomillan@example.org",
        "password": "*#1S%xf1&_",
        "fecha_registro": "2025-10-12T19:38:14.815"
    }
},
{
    "model": "Concursos_Online.usuario",
    "pk": 25,
    "fields": {
        "nombre_usuario": "olivaresviviana",
        "correo": "sandrareguera@example.org",
        "password": "d23UESsd*8",
        "fecha_registro": "2025-10-12T19:38:14.821"
    }
},
{
    "model": "Concursos_Online.usuario",
    "pk": 26,
    "fields": {
        "nombre_usuario": "zocana",
        "correo": "onadal@example.com",
        "password": ")pnJi4H&U6",
        "fecha_registro": "2025-10-12T19:38:14.826"
    }
},
{
    "model": "Concursos_Online.usuario",
    "pk": 27,
    "fields": {
        "nombre_usuario": "florencio91",
        "correo": "juanita92@example.net",
        "password": "@MAM4d@F7x",
        "fecha_registro": "2025-10-12T19:38:14.832"
    }
},
{
    "model": "Concursos_Online.usuario",
    "pk": 28,
    "fields": {
        "nombre_usuario": "mayoralnoemi",
        "correo": "qcasanovas@example.net",
        "password": "nC)l5Z9c+X",
        "fecha_registro": "2025-10-12T19:38:14.837"
    }
},
{
    "model": "Concursos_Online.usuario",
    "pk": 29,
    "fields": {
        "nombre_usuario": "esobrino",
        "correo": "yaiza49@example.com",
        "password": "_2DvuTbz5D",
        "fecha_registro": "2025-10-12T19:38:14.842"
    }
},
{
    "model": "Concursos_Online.usuario",
    "pk": 30,
    "fields": {
        "nombre_usuario": "rafael72",
        "correo": "patriciatellez@example.net",
        "password": "OE3@2oRd*d",
        "fecha_registro": "2025-10-12T19:38:14.848"
    }
},
{
    "model": "Concursos_Online.perfil",
    "pk": 1,
    "fields": {
        "usuario": 1,
        "nombre_completo": "Elisa Cortina",
        "biografia": "Sistemas metros día ejemplo da pablo. Lleva visita otro esos luis p. Autoridades mantener años televisión siguientes hombres cada. Duda valor propios derecho llama juan.",
        "fecha_nacimiento": "1965-10-16",
        "imagen_perfil": "https://picsum.photos/16/64"
    }
},
{
    "model": "Concursos_Online.perfil",
    "pk": 2,
    "fields": {
        "usuario": 2,
        "nombre_completo": "Nilda Fábregas Carbajo",
        "biografia": "Unos jefe instituto enero otra estoy pero. Dado imposible volver aún quizá línea. Sus él efecto como lo.\nA horas pocos amor. Cabo resulta alguna suficiente. Social república sector visita él.",
        "fecha_nacimiento": "1983-12-25",
        "imagen_perfil": "https://dummyimage.com/718x549"
    }
},
{
    "model": "Concursos_Online.perfil",
    "pk": 3,
    "fields": {
        "usuario": 3,
        "nombre_completo": "Inocencio Aliaga Goicoechea",
        "biografia": "Días domingo existencia. Esta cama naturaleza oficial ésta todos.\nNombre hombre actividades datos muchas. Consejo consumo nada objetivo dónde. Hospital nosotros valores esa.",
        "fecha_nacimiento": "1957-12-15",
        "imagen_perfil": "https://placekitten.com/780/812"
    }
},
{
    "model": "Concursos_Online.perfil",
    "pk": 4,
    "fields": {
        "usuario": 4,
        "nombre_completo": "Nadia Escobar-López",
        "biografia": "López natural modo donde. Era dicen total verdad decía trabajo existe.\nDentro ocho antes manera seguridad. Toda lado quería dicho habría políticas hombres. Frente ayuda marzo garcía.",
        "fecha_nacimiento": "2001-11-24",
        "imagen_perfil": "https://placekitten.com/377/120"
    }
},
{
    "model": "Concursos_Online.perfil",
    "pk": 5,
    "fields": {
        "usuario": 5,
        "nombre_completo": "María Ángeles Dominguez Rozas",
        "biografia": "Segunda cual cabeza elecciones. Ejército sabe premio propio allí larga escuela.\nEncontrar ello especial título voy pequeño. Derecha semanas ciencia premio nivel nueva producción.",
        "fecha_nacimiento": "1958-02-23",
        "imagen_perfil": "https://picsum.photos/429/295"
    }
},
{
    "model": "Concursos_Online.perfil",
    "pk": 6,
    "fields": {
        "usuario": 6,
        "nombre_completo": "Maxi de Manjón",
        "biografia": "Electoral vino i españa profesional valores. Juan francisco propuesta aún zona posibilidad.\nMucha políticas parecía puntos van. Popular cuenta atrás económico informe.",
        "fecha_nacimiento": "1980-06-27",
        "imagen_perfil": "https://dummyimage.com/212x24"
    }
},
{
    "model": "Concursos_Online.perfil",
    "pk": 7,
    "fields": {
        "usuario": 7,
        "nombre_completo": "Martirio Olivera Borja",
        "biografia": "Medida cabo realizar teatro televisión dejó central. Ante derechos material libertad estas generales. Valor etapa televisión está tratamiento serie ayer.",
        "fecha_nacimiento": "2004-01-29",
        "imagen_perfil": "https://picsum.photos/940/265"
    }
},
{
    "model": "Concursos_Online.perfil",
    "pk": 8,
    "fields": {
        "usuario": 8,
        "nombre_completo": "Juan Balaguer Marín",
        "biografia": "Fútbol número calidad ejemplo peor económica. Relación gonzález enfermedad posibilidades. Sueño profesional hace cama.\nMayo camino carta apenas toda habían.",
        "fecha_nacimiento": "1988-12-03",
        "imagen_perfil": "https://dummyimage.com/356x969"
    }
},
{
    "model": "Concursos_Online.perfil",
    "pk": 9,
    "fields": {
        "usuario": 9,
        "nombre_completo": "Elías Valdés Checa",
        "biografia": "Igual entre así salida edad. Joven dólares tendrá recuerdo b mil deben.\nCara dejar público escuela curso acciones. Actitud miedo humano carne. Pasado tres alta políticos cualquier semana mano.",
        "fecha_nacimiento": "1971-05-20",
        "imagen_perfil": "https://placekitten.com/337/601"
    }
},
{
    "model": "Concursos_Online.perfil",
    "pk": 10,
    "fields": {
        "usuario": 10,
        "nombre_completo": "Nicodemo Ledesma Folch",
        "biografia": "Peor es sabe éste visto caso pese. Ocho usted producción santa europea tribunal mí.\nMayo quienes tener cine. Decisión de él d. Fuego sea pasado distintas después.",
        "fecha_nacimiento": "1995-02-24",
        "imagen_perfil": "https://dummyimage.com/899x139"
    }
},
{
    "model": "Concursos_Online.perfil",
    "pk": 11,
    "fields": {
        "usuario": 11,
        "nombre_completo": "Coral Carbonell Gallego",
        "biografia": "Llamado siempre unión negro mercado mi voy. Hechos creación o últimos.\nA comenzó muestra otras flores amigos sería esfuerzo. Sistema esos hijo plazo pie respecto sabía. Una pasó ve frente.",
        "fecha_nacimiento": "1978-12-23",
        "imagen_perfil": "https://dummyimage.com/634x536"
    }
},
{
    "model": "Concursos_Online.perfil",
    "pk": 12,
    "fields": {
        "usuario": 12,
        "nombre_completo": "Salomón Cuéllar Mascaró",
        "biografia": "C sigue noviembre políticos militares varios premio. Señora música zona interés voy pero obras. Podría todo puso peor campaña calidad finalmente.",
        "fecha_nacimiento": "1983-01-15",
        "imagen_perfil": "https://placekitten.com/392/771"
    }
},
{
    "model": "Concursos_Online.perfil",
    "pk": 13,
    "fields": {
        "usuario": 13,
        "nombre_completo": "Eva María Zurita-Marcos",
        "biografia": "Toda estar tomar les.\nValores estar agua debe puesto. Modelo se tenían jóvenes. Puesto ministerio tribunal lo.\nEconomía voy lo vio equipo. Fecha generales queda pregunta.",
        "fecha_nacimiento": "1978-03-16",
        "imagen_perfil": "https://placekitten.com/293/87"
    }
},
{
    "model": "Concursos_Online.perfil",
    "pk": 14,
    "fields": {
        "usuario": 14,
        "nombre_completo": "Bernardino Portero",
        "biografia": "Función fiscal derecha temas blanco. Jorge todavía resulta sueño superior sola vivir hemos.",
        "fecha_nacimiento": "1971-03-08",
        "imagen_perfil": "https://dummyimage.com/134x179"
    }
},
{
    "model": "Concursos_Online.perfil",
    "pk": 15,
    "fields": {
        "usuario": 15,
        "nombre_completo": "Gerardo Suárez Leal",
        "biografia": "Medidas hacerlo te policía negro marco español. Lado estos final. M solamente comunidad él niño empresas.",
        "fecha_nacimiento": "1979-03-14",
        "imagen_perfil": "https://placekitten.com/907/411"
    }
},
{
    "model": "Concursos_Online.perfil",
    "pk": 16,
    "fields": {
        "usuario": 16,
        "nombre_completo": "Ani Beltran-Lago",
        "biografia": "Salud investigación efecto volvió posición plaza alta hermano. Que aumento con. Muerto energía hizo base.",
        "fecha_nacimiento": "1955-07-27",
        "imagen_perfil": "https://dummyimage.com/860x315"
    }
},
{
    "model": "Concursos_Online.perfil",
    "pk": 17,
    "fields": {
        "usuario": 17,
        "nombre_completo": "Conrado Ruano Peláez",
        "biografia": "Libros ambos plazo ocasiones. Material estilo debía.\nMuchos resultado puedo muchas seguridad mujeres.",
        "fecha_nacimiento": "1974-08-18",
        "imagen_perfil": "https://dummyimage.com/931x116"
    }
},
{
    "model": "Concursos_Online.perfil",
    "pk": 18,
    "fields": {
        "usuario": 18,
        "nombre_completo": "Alejo de Salcedo",
        "biografia": "Nada conciencia sido sigue palabras. Mismo necesario economía resultado. Esos ex pablo la respecto estos programa cuba. Duda aquella cuyo propio presenta corte.",
        "fecha_nacimiento": "1973-02-15",
        "imagen_perfil": "https://picsum.photos/749/937"
    }
},
{
    "model": "Concursos_Online.perfil",
    "pk": 19,
    "fields": {
        "usuario": 19,
        "nombre_completo": "Josué Hierro Miralles",
        "biografia": "Puso empresas centros. Enfermedad medios resultado parte especialmente. Constitución han mal control energía.\nAutoridades joven obras televisión estaban p. Humano sino ha actividades prueba.",
        "fecha_nacimiento": "1969-06-15",
        "imagen_perfil": "https://placekitten.com/494/273"
    }
},
{
    "model": "Concursos_Online.perfil",
    "pk": 20,
    "fields": {
        "usuario": 20,
        "nombre_completo": "Anselmo Fernandez Sandoval",
        "biografia": "Sola mejores octubre propia informe grupo sectores. Donde proceso importantes está club nuestro. Aun idea sabía recursos persona agua torno. Está imágenes cuestión elementos ii me esta.",
        "fecha_nacimiento": "1990-01-26",
        "imagen_perfil": "https://placekitten.com/563/695"
    }
},
{
    "model": "Concursos_Online.perfil",
    "pk": 21,
    "fields": {
        "usuario": 21,
        "nombre_completo": "Olimpia Sonia Solano Tirado",
        "biografia": "Cosa nuestra costa cosas presenta cierta. Calidad alguien apenas hicieron ciento resultado especial ciudad. Ya esos estado mejor.\nPero resultado cuales reforma. Nunca mitad fácil.",
        "fecha_nacimiento": "1998-01-27",
        "imagen_perfil": "https://placekitten.com/730/558"
    }
},
{
    "model": "Concursos_Online.perfil",
    "pk": 22,
    "fields": {
        "usuario": 22,
        "nombre_completo": "Jordán Serrano Bautista",
        "biografia": "Queda sería chile suelo ojos. Nombre carlos había da cambio datos hubiera.\nAcción creo argentina primera martín lado ciento. Hubo compañía tarde queda pequeño español actitud.",
        "fecha_nacimiento": "1980-09-27",
        "imagen_perfil": "https://picsum.photos/104/705"
    }
},
{
    "model": "Concursos_Online.perfil",
    "pk": 23,
    "fields": {
        "usuario": 23,
        "nombre_completo": "Carolina Pino Grande",
        "biografia": "Cuando alguien importancia la importantes. Visita fuera cual mis decir.\nFernando allá investigación solución ambiente unión. Dar al deja ningún viejo temas o.",
        "fecha_nacimiento": "1975-06-20",
        "imagen_perfil": "https://placekitten.com/813/12"
    }
},
{
    "model": "Concursos_Online.perfil",
    "pk": 24,
    "fields": {
        "usuario": 24,
        "nombre_completo": "Marisol Elena Ramón Polo",
        "biografia": "Permite diferencia existe minutos pudo pp. También hicieron libre sectores. Pública unidad pueda principio interés.",
        "fecha_nacimiento": "1985-04-03",
        "imagen_perfil": "https://placekitten.com/131/420"
    }
},
{
    "model": "Concursos_Online.perfil",
    "pk": 25,
    "fields": {
        "usuario": 25,
        "nombre_completo": "Sebastian Gallart Goicoechea",
        "biografia": "Uno dijo viejo necesidad encuentran derecho vino. Sino lenguaje a adelante. Principios jamás les domingo costa doctor sistemas suerte.",
        "fecha_nacimiento": "1980-06-05",
        "imagen_perfil": "https://placekitten.com/45/143"
    }
},
{
    "model": "Concursos_Online.perfil",
    "pk": 26,
    "fields": {
        "usuario": 26,
        "nombre_completo": "Lucio Pombo Tomas",
        "biografia": "Construcción alguna crecimiento sé podría esa. Partidos tras mar.\nTotal servicio explicó es. Director tratamiento y para pocos. Busca uno artículo toma voluntad. Años jefe pues mar d afirmó.",
        "fecha_nacimiento": "1988-06-04",
        "imagen_perfil": "https://dummyimage.com/608x1003"
    }
},
{
    "model": "Concursos_Online.perfil",
    "pk": 27,
    "fields": {
        "usuario": 27,
        "nombre_completo": "Carlota Barral Álvarez",
        "biografia": "Respecto única quiero pie sobre hizo. Misma dirección ella española mi popular mucha.\nPoco comunidad análisis libertad aquel. Señaló esa sangre próximo ni mayo.",
        "fecha_nacimiento": "2001-01-13",
        "imagen_perfil": "https://dummyimage.com/372x691"
    }
},
{
    "model": "Concursos_Online.perfil",
    "pk": 28,
    "fields": {
        "usuario": 28,
        "nombre_completo": "Virgilio Héctor Peñas Higueras",
        "biografia": "Dejar busca año tomar. Tener siglo siguientes fuerzas. Buenos producto quienes u. Centro lejos resulta mejores sangre.",
        "fecha_nacimiento": "1975-11-24",
        "imagen_perfil": "https://dummyimage.com/69x215"
    }
},
{
    "model": "Concursos_Online.perfil",
    "pk": 29,
    "fields": {
        "usuario": 29,
        "nombre_completo": "Zaida Nicolau Alberola",
        "biografia": "Real nosotros muy quien ambiente. Alto visita ley tendrá. Suerte llama crisis cámara varios compañía vía.\nInternacional corazón acción marcha unidad mantener. Paso mis teoría punto.",
        "fecha_nacimiento": "1983-09-28",
        "imagen_perfil": "https://placekitten.com/593/713"
    }
},
{
    "model": "Concursos_Online.perfil",
    "pk": 30,
    "fields": {
        "usuario": 30,
        "nombre_completo": "Máxima de Osuna",
        "biografia": "Aquí formación medios ojos defensa libre. Unión media pese sangre.\nEste resto animales políticos presidente marcha. Parte apoyo mis deben idea cuando autoridades.",
        "fecha_nacimiento": "1999-03-12",
        "imagen_perfil": "https://placekitten.com/37/942"
    }
},
{
    "model": "Concursos_Online.jurado",
    "pk": 1,
    "fields": {
        "usuario": 25,
        "experiencia": 7,
        "especialidad": "Guía de turismo",
        "disponible": true,
        "puntuacion_media": "6.32"
    }
},
{
    "model": "Concursos_Online.jurado",
    "pk": 2,
    "fields": {
        "usuario": 10,
        "experiencia": 4,
        "especialidad": "Cristalero",
        "disponible": true,
        "puntuacion_media": "5.54"
    }
},
{
    "model": "Concursos_Online.jurado",
    "pk": 3,
    "fields": {
        "usuario": 19,
        "experiencia": 5,
        "especialidad": "Programador de aplicaciones",
        "disponible": true,
        "puntuacion_media": "6.43"
    }
},
{
    "model": "Concursos_Online.jurado",
    "pk": 4,
    "fields": {
        "usuario": 3,
        "experiencia": 8,
        "especialidad": "Agricultor",
        "disponible": true,
        "puntuacion_media": "5.96"
    }
},
{
    "model": "Concursos_Online.jurado",
    "pk": 5,
    "fields": {
        "usuario": 20,
        "experiencia": 8,
        "especialidad": "Fisioterapeuta",
        "disponible": true,
        "puntuacion_media": "6.47"
    }
},
{
    "model": "Concursos_Online.participante",
    "pk": 1,
    "fields": {
        "usuario": 1,
        "alias": "micaela52",
        "edad": 28,
        "nivel": 1,
        "puntuacion_total": "6.48"
    }
},
{
    "model": "Concursos_Online.participante",
    "pk": 2,
    "fields": {
        "usuario": 21,
        "alias": "jorge70",
        "edad": 42,
        "nivel": 3,
        "puntuacion_total": "10.05"
    }
},
{
    "model": "Concursos_Online.participante",
    "pk": 3,
    "fields": {
        "usuario": 12,
        "alias": "pozuelotoribio",
        "edad": 43,
        "nivel": 2,
        "puntuacion_total": "20.98"
    }
},
{
    "model": "Concursos_Online.participante",
    "pk": 4,
    "fields": {
        "usuario": 26,
        "alias": "canalstrinidad",
        "edad": 31,
        "nivel": 3,
        "puntuacion_total": "14.47"
    }
},
{
    "model": "Concursos_Online.participante",
    "pk": 5,
    "fields": {
        "usuario": 22,
        "alias": "saritaalfonso",
        "edad": 21,
        "nivel": 2,
        "puntuacion_total": "23.77"
    }
},
{
    "model": "Concursos_Online.participante",
    "pk": 6,
    "fields": {
        "usuario": 16,
        "alias": "gil78",
        "edad": 44,
        "nivel": 5,
        "puntuacion_total": "28.98"
    }
},
{
    "model": "Concursos_Online.participante",
    "pk": 7,
    "fields": {
        "usuario": 15,
        "alias": "sergio29",
        "edad": 58,
        "nivel": 3,
        "puntuacion_total": "31.32"
    }
},
{
    "model": "Concursos_Online.participante",
    "pk": 8,
    "fields": {
        "usuario": 6,
        "alias": "tmariscal",
        "edad": 41,
        "nivel": 5,
        "puntuacion_total": "35.52"
    }
},
{
    "model": "Concursos_Online.participante",
    "pk": 9,
    "fields": {
        "usuario": 2,
        "alias": "cantonjosue",
        "edad": 59,
        "nivel": 5,
        "puntuacion_total": "79.25"
    }
},
{
    "model": "Concursos_Online.participante",
    "pk": 10,
    "fields": {
        "usuario": 23,
        "alias": "remedios50",
        "edad": 36,
        "nivel": 4,
        "puntuacion_total": "82.81"
    }
},
{
    "model": "Concursos_Online.administrador",
    "pk": 1,
    "fields": {
        "usuario": 8,
        "area_responsable": "Profesional de nivel medio de medicina alternativa",
        "activo": true,
        "fecha_asignacion": "2025-10-12T19:38:15.049",
        "horario_disponible": "00:15:58"
    }
},
{
    "model": "Concursos_Online.administrador",
    "pk": 2,
    "fields": {
        "usuario": 29,
        "area_responsable": "Entrevistador de investigaciones de mercados",
        "activo": true,
        "fecha_asignacion": "2025-10-12T19:38:15.054",
        "horario_disponible": "02:41:47"
    }
},
{
    "model": "Concursos_Online.administrador",
    "pk": 3,
    "fields": {
        "usuario": 17,
        "area_responsable": "Clasificador de desechos",
        "activo": true,
        "fecha_asignacion": "2025-10-12T19:38:15.060",
        "horario_disponible": "21:01:09"
    }
},
{
    "model": "Concursos_Online.notificacion",
    "pk": 1,
    "fields": {
        "autor": 1,
        "titulo": "Ésta tras tal natural información tales.",
        "mensaje": "Diversas siguiente capacidad estaban blanco proyecto guerra. Sobre civil amigo.",
        "fecha_envio": "2025-10-12T19:38:15.576"
    }
},
{
    "model": "Concursos_Online.notificacion",
    "pk": 2,
    "fields": {
        "autor": 1,
        "titulo": "Sala cuales blanco profesional.",
        "mensaje": "Unidos p como existencia otros imágenes lenguaje. Fue propia mundial junto. Luz el haber informe.",
        "fecha_envio": "2025-10-12T19:38:15.614"
    }
},
{
    "model": "Concursos_Online.notificacion",
    "pk": 3,
    "fields": {
        "autor": 2,
        "titulo": "Área serán ninguna televisión relación naturaleza.",
        "mensaje": "Importante club fútbol algo obra manos. Razones hecho luis orden. Diversos muchos dado políticos título.",
        "fecha_envio": "2025-10-12T19:38:15.648"
    }
},
{
    "model": "Concursos_Online.notificacion",
    "pk": 4,
    "fields": {
        "autor": 2,
        "titulo": "Siempre empresas explicó.",
        "mensaje": "Proceso hija suficiente poner puerta primero dado lejos. Concepto próximo van europea. Propia primero comunidad hicieron curso.",
        "fecha_envio": "2025-10-12T19:38:15.682"
    }
},
{
    "model": "Concursos_Online.notificacion",
    "pk": 5,
    "fields": {
        "autor": 3,
        "titulo": "López etc creo.",
        "mensaje": "Relación serie estructura un actual jóvenes. Van ideas estado.",
        "fecha_envio": "2025-10-12T19:38:15.718"
    }
},
{
    "model": "Concursos_Online.notificacion",
    "pk": 6,
    "fields": {
        "autor": 3,
        "titulo": "Relaciones claro palabras salida casos viejo.",
        "mensaje": "Da propia dinero datos control. Superior buena y.",
        "fecha_envio": "2025-10-12T19:38:15.756"
    }
},
{
    "model": "Concursos_Online.recibe",
    "pk": 1,
    "fields": {
        "usuario": 18,
        "notificacion": 1,
        "estado": "PE",
        "fecha_recepcion": "2025-10-12T19:38:15.582"
    }
},
{
    "model": "Concursos_Online.recibe",
    "pk": 2,
    "fields": {
        "usuario": 8,
        "notificacion": 1,
        "estado": "PE",
        "fecha_recepcion": "2025-10-12T19:38:15.588"
    }
},
{
    "model": "Concursos_Online.recibe",
    "pk": 3,
    "fields": {
        "usuario": 25,
        "notificacion": 1,
        "estado": "EN",
        "fecha_recepcion": "2025-10-12T19:38:15.594"
    }
},
{
    "model": "Concursos_Online.recibe",
    "pk": 4,
    "fields": {
        "usuario": 22,
        "notificacion": 1,
        "estado": "PE",
        "fecha_recepcion": "2025-10-12T19:38:15.601"
    }
},
{
    "model": "Concursos_Online.recibe",
    "pk": 5,
    "fields": {
        "usuario": 3,
        "notificacion": 1,
        "estado": "PE",
        "fecha_recepcion": "2025-10-12T19:38:15.607"
    }
},
{
    "model": "Concursos_Online.recibe",
    "pk": 6,
    "fields": {
        "usuario": 29,
        "notificacion": 2,
        "estado": "EN",
        "fecha_recepcion": "2025-10-12T19:38:15.619"
    }
},
{
    "model": "Concursos_Online.recibe",
    "pk": 7,
    "fields": {
        "usuario": 8,
        "notificacion": 2,
        "estado": "PE",
        "fecha_recepcion": "2025-10-12T19:38:15.625"
    }
},
{
    "model": "Concursos_Online.recibe",
    "pk": 8,
    "fields": {
        "usuario": 13,
        "notificacion": 2,
        "estado": "PE",
        "fecha_recepcion": "2025-10-12T19:38:15.631"
    }
},
{
    "model": "Concursos_Online.recibe",
    "pk": 9,
    "fields": {
        "usuario": 5,
        "notificacion": 2,
        "estado": "PE",
        "fecha_recepcion": "2025-10-12T19:38:15.636"
    }
},
{
    "model": "Concursos_Online.recibe",
    "pk": 10,
    "fields": {
        "usuario": 26,
        "notificacion": 2,
        "estado": "EN",
        "fecha_recepcion": "2025-10-12T19:38:15.642"
    }
},
{
    "model": "Concursos_Online.recibe",
    "pk": 11,
    "fields": {
        "usuario": 27,
        "notificacion": 3,
        "estado": "EN",
        "fecha_recepcion": "2025-10-12T19:38:15.653"
    }
},
{
    "model": "Concursos_Online.recibe",
    "pk": 12,
    "fields": {
        "usuario": 16,
        "notificacion": 3,
        "estado": "PE",
        "fecha_recepcion": "2025-10-12T19:38:15.659"
    }
},
{
    "model": "Concursos_Online.recibe",
    "pk": 13,
    "fields": {
        "usuario": 13,
        "notificacion": 3,
        "estado": "PE",
        "fecha_recepcion": "2025-10-12T19:38:15.664"
    }
},
{
    "model": "Concursos_Online.recibe",
    "pk": 14,
    "fields": {
        "usuario": 28,
        "notificacion": 3,
        "estado": "EN",
        "fecha_recepcion": "2025-10-12T19:38:15.670"
    }
},
{
    "model": "Concursos_Online.recibe",
    "pk": 15,
    "fields": {
        "usuario": 9,
        "notificacion": 3,
        "estado": "PE",
        "fecha_recepcion": "2025-10-12T19:38:15.676"
    }
},
{
    "model": "Concursos_Online.recibe",
    "pk": 16,
    "fields": {
        "usuario": 25,
        "notificacion": 4,
        "estado": "PE",
        "fecha_recepcion": "2025-10-12T19:38:15.688"
    }
},
{
    "model": "Concursos_Online.recibe",
    "pk": 17,
    "fields": {
        "usuario": 12,
        "notificacion": 4,
        "estado": "PE",
        "fecha_recepcion": "2025-10-12T19:38:15.693"
    }
},
{
    "model": "Concursos_Online.recibe",
    "pk": 18,
    "fields": {
        "usuario": 21,
        "notificacion": 4,
        "estado": "EN",
        "fecha_recepcion": "2025-10-12T19:38:15.699"
    }
},
{
    "model": "Concursos_Online.recibe",
    "pk": 19,
    "fields": {
        "usuario": 11,
        "notificacion": 4,
        "estado": "EN",
        "fecha_recepcion": "2025-10-12T19:38:15.706"
    }
},
{
    "model": "Concursos_Online.recibe",
    "pk": 20,
    "fields": {
        "usuario": 8,
        "notificacion": 4,
        "estado": "PE",
        "fecha_recepcion": "2025-10-12T19:38:15.712"
    }
},
{
    "model": "Concursos_Online.recibe",
    "pk": 21,
    "fields": {
        "usuario": 21,
        "notificacion": 5,
        "estado": "PE",
        "fecha_recepcion": "2025-10-12T19:38:15.724"
    }
},
{
    "model": "Concursos_Online.recibe",
    "pk": 22,
    "fields": {
        "usuario": 8,
        "notificacion": 5,
        "estado": "PE",
        "fecha_recepcion": "2025-10-12T19:38:15.731"
    }
},
{
    "model": "Concursos_Online.recibe",
    "pk": 23,
    "fields": {
        "usuario": 13,
        "notificacion": 5,
        "estado": "PE",
        "fecha_recepcion": "2025-10-12T19:38:15.737"
    }
},
{
    "model": "Concursos_Online.recibe",
    "pk": 24,
    "fields": {
        "usuario": 6,
        "notificacion": 5,
        "estado": "PE",
        "fecha_recepcion": "2025-10-12T19:38:15.743"
    }
},
{
    "model": "Concursos_Online.recibe",
    "pk": 25,
    "fields": {
        "usuario": 17,
        "notificacion": 5,
        "estado": "PE",
        "fecha_recepcion": "2025-10-12T19:38:15.749"
    }
},
{
    "model": "Concursos_Online.recibe",
    "pk": 26,
    "fields": {
        "usuario": 15,
        "notificacion": 6,
        "estado": "EN",
        "fecha_recepcion": "2025-10-12T19:38:15.762"
    }
},
{
    "model": "Concursos_Online.recibe",
    "pk": 27,
    "fields": {
        "usuario": 24,
        "notificacion": 6,
        "estado": "PE",
        "fecha_recepcion": "2025-10-12T19:38:15.768"
    }
},
{
    "model": "Concursos_Online.recibe",
    "pk": 28,
    "fields": {
        "usuario": 20,
        "notificacion": 6,
        "estado": "EN",
        "fecha_recepcion": "2025-10-12T19:38:15.775"
    }
},
{
    "model": "Concursos_Online.recibe",
    "pk": 29,
    "fields": {
        "usuario": 11,
        "notificacion": 6,
        "estado": "PE",
        "fecha_recepcion": "2025-10-12T19:38:15.781"
    }
},
{
    "model": "Concursos_Online.recibe",
    "pk": 30,
    "fields": {
        "usuario": 21,
        "notificacion": 6,
        "estado": "EN",
        "fecha_recepcion": "2025-10-12T19:38:15.787"
    }
},
{
    "model": "Concursos_Online.concurso",
    "pk": 1,
    "fields": {
        "nombre": "Concurso 1: Dirección",
        "descripcion": "San puedo desde baja dolor semanas ser junto. Respuesta unos otro lucha. Has encuentran amigos conciencia nueva dejar hicieron.\nIba hijos momento lo como. Diciembre volver ve vista llevar.\nÉpoca semanas contenido sola cambio cambios. Especialmente llama público obras recursos recuerdo acción.",
        "fecha_inicio": "2025-09-20T19:38:15.152",
        "fecha_final": "2025-09-29T19:38:15.152",
        "activo": true,
        "creador": 2,
        "ganador": null
    }
},
{
    "model": "Concursos_Online.concurso",
    "pk": 2,
    "fields": {
        "nombre": "Concurso 2: Nuestros",
        "descripcion": "Dejar silencio si quien son ya. Humana jóvenes m parte aquella. Corte salida te recursos serie tratamiento.\nMuerto nueva verdad ello características energía carácter. Supuesto fiscal términos exterior única cosa luego.",
        "fecha_inicio": "2025-09-13T19:38:15.158",
        "fecha_final": "2025-09-19T19:38:15.158",
        "activo": true,
        "creador": 2,
        "ganador": null
    }
},
{
    "model": "Concursos_Online.concurso",
    "pk": 3,
    "fields": {
        "nombre": "Concurso 3: Riesgo",
        "descripcion": "Contrario vista materia condiciones santiago.\nRecuerdo total efectos hora piel. Artículo d esas apoyo saber izquierda tanto. Vez prueba frente sistema. Crecimiento consecuencia prueba segunda.\nDio primer distintos mira sentido madrid. Pesar película suerte hemos podía parís.",
        "fecha_inicio": "2025-09-12T19:38:15.164",
        "fecha_final": "2025-09-17T19:38:15.164",
        "activo": true,
        "creador": 3,
        "ganador": null
    }
},
{
    "model": "Concursos_Online.concurso",
    "pk": 4,
    "fields": {
        "nombre": "Concurso 4: Tenían",
        "descripcion": "González importancia reforma. Calidad doctor garcía decir argentina forma manuel acción. Acuerdo carne éxito calidad carta necesidad.\nModo mesa podrá mantener efecto nombre sentido. Mes conjunto relaciones defensa.",
        "fecha_inicio": "2025-09-21T19:38:15.171",
        "fecha_final": "2025-10-03T19:38:15.171",
        "activo": true,
        "creador": 2,
        "ganador": null
    }
},
{
    "model": "Concursos_Online.concurso",
    "pk": 5,
    "fields": {
        "nombre": "Concurso 5: Vía",
        "descripcion": "Ver plaza llegar fuentes gracias. Cuerpo ciento vino octubre asunto pronto.\nPiel razones presencia participación salida p causa. Fueron nuestro considera sean su energía don además. Éxito izquierda ni dolor operación material alto. Puntos hombre educación actual incluso idea paciente.",
        "fecha_inicio": "2025-09-16T19:38:15.178",
        "fecha_final": "2025-09-21T19:38:15.178",
        "activo": true,
        "creador": 3,
        "ganador": null
    }
},
{
    "model": "Concursos_Online.trabajo",
    "pk": 1,
    "fields": {
        "participante": 1,
        "concurso": 2,
        "titulo": "Claro forma.",
        "descripcion": "Junto francisco vuelve europea.\nDolor derecho han mayores ministerio población. Familia principio unidad pronto r momento.",
        "archivo": "conocimiento.pdf",
        "fecha_envio": "2025-10-12T19:38:15.354",
        "puntuacion_promedio": "7.97"
    }
},
{
    "model": "Concursos_Online.trabajo",
    "pk": 2,
    "fields": {
        "participante": 2,
        "concurso": 1,
        "titulo": "Zonas son empresas medida.",
        "descripcion": "Última proyectos ningún baja existe. Hora mediante cambio dentro.\nVez señaló nunca soy llega. Negro así alrededor pasa material.",
        "archivo": "poner.pdf",
        "fecha_envio": "2025-10-12T19:38:15.362",
        "puntuacion_promedio": "9.13"
    }
},
{
    "model": "Concursos_Online.trabajo",
    "pk": 3,
    "fields": {
        "participante": 3,
        "concurso": 5,
        "titulo": "Últimos opinión título.",
        "descripcion": "Precisamente ser tras por ambiente. Visto miedo apenas no respuesta fuerte. Nivel semana respecto aquel sociales violencia civil.",
        "archivo": "padre.pdf",
        "fecha_envio": "2025-10-12T19:38:15.370",
        "puntuacion_promedio": "1.63"
    }
},
{
    "model": "Concursos_Online.trabajo",
    "pk": 4,
    "fields": {
        "participante": 4,
        "concurso": 1,
        "titulo": "Zonas son peso.",
        "descripcion": "Película lo relación concepto general. Centro ir tribunal josé. Somos pensar futuro pueda armas. Metros buenos estado crecimiento así pone arriba.",
        "archivo": "santa.pdf",
        "fecha_envio": "2025-10-12T19:38:15.378",
        "puntuacion_promedio": "8.82"
    }
},
{
    "model": "Concursos_Online.trabajo",
    "pk": 5,
    "fields": {
        "participante": 5,
        "concurso": 5,
        "titulo": "Falta última propio.",
        "descripcion": "Dejó tribunal momento hombre luego grande siguientes. Aquel datos tu buena necesidad julio.",
        "archivo": "poco.pdf",
        "fecha_envio": "2025-10-12T19:38:15.385",
        "puntuacion_promedio": "4.80"
    }
},
{
    "model": "Concursos_Online.trabajo",
    "pk": 6,
    "fields": {
        "participante": 6,
        "concurso": 2,
        "titulo": "Profesional tan falta características.",
        "descripcion": "Día exterior sueño existen. Congreso he noche ir francisco busca intereses.",
        "archivo": "pudo.pdf",
        "fecha_envio": "2025-10-12T19:38:15.398",
        "puntuacion_promedio": "5.38"
    }
},
{
    "model": "Concursos_Online.trabajo",
    "pk": 7,
    "fields": {
        "participante": 7,
        "concurso": 2,
        "titulo": "Yo llama vuelve señor últimos.",
        "descripcion": "Fondo mundial bien serán méxico segundo. Presente cama norte militar hija. Miguel piel importante encuentro.",
        "archivo": "será.pdf",
        "fecha_envio": "2025-10-12T19:38:15.405",
        "puntuacion_promedio": "4.61"
    }
},
{
    "model": "Concursos_Online.trabajo",
    "pk": 8,
    "fields": {
        "participante": 8,
        "concurso": 1,
        "titulo": "Suerte meses duda.",
        "descripcion": "Libre manos contenido menor sobre. Fútbol siguientes reunión pese antes. Visita esas pedro cuyo dos producto.",
        "archivo": "tu.pdf",
        "fecha_envio": "2025-10-12T19:38:15.413",
        "puntuacion_promedio": "0.49"
    }
},
{
    "model": "Concursos_Online.trabajo",
    "pk": 9,
    "fields": {
        "participante": 9,
        "concurso": 5,
        "titulo": "Pedro conciencia victoria capacidad.",
        "descripcion": "B dolor puerto mayor concepto. Tenían político consumo septiembre. Así familia hija.",
        "archivo": "países.pdf",
        "fecha_envio": "2025-10-12T19:38:15.420",
        "puntuacion_promedio": "2.42"
    }
},
{
    "model": "Concursos_Online.trabajo",
    "pk": 10,
    "fields": {
        "participante": 10,
        "concurso": 5,
        "titulo": "Televisión allí precisamente octubre.",
        "descripcion": "Oro comercio características fin bastante. Aire meses capaz meses.",
        "archivo": "habría.pdf",
        "fecha_envio": "2025-10-12T19:38:15.428",
        "puntuacion_promedio": "6.71"
    }
},
{
    "model": "Concursos_Online.inscribe",
    "pk": 1,
    "fields": {
        "participante": 1,
        "concurso": 2,
        "fecha_inscripcion": "2025-10-12T19:38:15.239"
    }
},
{
    "model": "Concursos_Online.inscribe",
    "pk": 2,
    "fields": {
        "participante": 1,
        "concurso": 3,
        "fecha_inscripcion": "2025-10-12T19:38:15.245"
    }
},
{
    "model": "Concursos_Online.inscribe",
    "pk": 3,
    "fields": {
        "participante": 2,
        "concurso": 1,
        "fecha_inscripcion": "2025-10-12T19:38:15.252"
    }
},
{
    "model": "Concursos_Online.inscribe",
    "pk": 4,
    "fields": {
        "participante": 2,
        "concurso": 3,
        "fecha_inscripcion": "2025-10-12T19:38:15.257"
    }
},
{
    "model": "Concursos_Online.inscribe",
    "pk": 5,
    "fields": {
        "participante": 3,
        "concurso": 5,
        "fecha_inscripcion": "2025-10-12T19:38:15.262"
    }
},
{
    "model": "Concursos_Online.inscribe",
    "pk": 6,
    "fields": {
        "participante": 3,
        "concurso": 3,
        "fecha_inscripcion": "2025-10-12T19:38:15.268"
    }
},
{
    "model": "Concursos_Online.inscribe",
    "pk": 7,
    "fields": {
        "participante": 4,
        "concurso": 4,
        "fecha_inscripcion": "2025-10-12T19:38:15.274"
    }
},
{
    "model": "Concursos_Online.inscribe",
    "pk": 8,
    "fields": {
        "participante": 4,
        "concurso": 1,
        "fecha_inscripcion": "2025-10-12T19:38:15.279"
    }
},
{
    "model": "Concursos_Online.inscribe",
    "pk": 9,
    "fields": {
        "participante": 5,
        "concurso": 4,
        "fecha_inscripcion": "2025-10-12T19:38:15.285"
    }
},
{
    "model": "Concursos_Online.inscribe",
    "pk": 10,
    "fields": {
        "participante": 5,
        "concurso": 5,
        "fecha_inscripcion": "2025-10-12T19:38:15.290"
    }
},
{
    "model": "Concursos_Online.inscribe",
    "pk": 11,
    "fields": {
        "participante": 6,
        "concurso": 2,
        "fecha_inscripcion": "2025-10-12T19:38:15.295"
    }
},
{
    "model": "Concursos_Online.inscribe",
    "pk": 12,
    "fields": {
        "participante": 6,
        "concurso": 3,
        "fecha_inscripcion": "2025-10-12T19:38:15.301"
    }
},
{
    "model": "Concursos_Online.inscribe",
    "pk": 13,
    "fields": {
        "participante": 7,
        "concurso": 4,
        "fecha_inscripcion": "2025-10-12T19:38:15.306"
    }
},
{
    "model": "Concursos_Online.inscribe",
    "pk": 14,
    "fields": {
        "participante": 7,
        "concurso": 2,
        "fecha_inscripcion": "2025-10-12T19:38:15.312"
    }
},
{
    "model": "Concursos_Online.inscribe",
    "pk": 15,
    "fields": {
        "participante": 8,
        "concurso": 4,
        "fecha_inscripcion": "2025-10-12T19:38:15.318"
    }
},
{
    "model": "Concursos_Online.inscribe",
    "pk": 16,
    "fields": {
        "participante": 8,
        "concurso": 1,
        "fecha_inscripcion": "2025-10-12T19:38:15.324"
    }
},
{
    "model": "Concursos_Online.inscribe",
    "pk": 17,
    "fields": {
        "participante": 9,
        "concurso": 2,
        "fecha_inscripcion": "2025-10-12T19:38:15.329"
    }
},
{
    "model": "Concursos_Online.inscribe",
    "pk": 18,
    "fields": {
        "participante": 9,
        "concurso": 5,
        "fecha_inscripcion": "2025-10-12T19:38:15.334"
    }
},
{
    "model": "Concursos_Online.inscribe",
    "pk": 19,
    "fields": {
        "participante": 10,
        "concurso": 3,
        "fecha_inscripcion": "2025-10-12T19:38:15.341"
    }
},
{
    "model": "Concursos_Online.inscribe",
    "pk": 20,
    "fields": {
        "participante": 10,
        "concurso": 5,
        "fecha_inscripcion": "2025-10-12T19:38:15.346"
    }
},
{
    "model": "Concursos_Online.asigna",
    "pk": 1,
    "fields": {
        "jurado": 1,
        "concurso": 2,
        "fecha_asignacion": "2025-10-12T19:38:15.185",
        "activo": true
    }
},
{
    "model": "Concursos_Online.asigna",
    "pk": 2,
    "fields": {
        "jurado": 1,
        "concurso": 3,
        "fecha_asignacion": "2025-10-12T19:38:15.191",
        "activo": true
    }
},
{
    "model": "Concursos_Online.asigna",
    "pk": 3,
    "fields": {
        "jurado": 2,
        "concurso": 5,
        "fecha_asignacion": "2025-10-12T19:38:15.196",
        "activo": true
    }
},
{
    "model": "Concursos_Online.asigna",
    "pk": 4,
    "fields": {
        "jurado": 2,
        "concurso": 2,
        "fecha_asignacion": "2025-10-12T19:38:15.201",
        "activo": true
    }
},
{
    "model": "Concursos_Online.asigna",
    "pk": 5,
    "fields": {
        "jurado": 3,
        "concurso": 5,
        "fecha_asignacion": "2025-10-12T19:38:15.207",
        "activo": true
    }
},
{
    "model": "Concursos_Online.asigna",
    "pk": 6,
    "fields": {
        "jurado": 3,
        "concurso": 3,
        "fecha_asignacion": "2025-10-12T19:38:15.212",
        "activo": true
    }
},
{
    "model": "Concursos_Online.asigna",
    "pk": 7,
    "fields": {
        "jurado": 4,
        "concurso": 1,
        "fecha_asignacion": "2025-10-12T19:38:15.217",
        "activo": true
    }
},
{
    "model": "Concursos_Online.asigna",
    "pk": 8,
    "fields": {
        "jurado": 4,
        "concurso": 4,
        "fecha_asignacion": "2025-10-12T19:38:15.222",
        "activo": true
    }
},
{
    "model": "Concursos_Online.asigna",
    "pk": 9,
    "fields": {
        "jurado": 5,
        "concurso": 5,
        "fecha_asignacion": "2025-10-12T19:38:15.227",
        "activo": true
    }
},
{
    "model": "Concursos_Online.asigna",
    "pk": 10,
    "fields": {
        "jurado": 5,
        "concurso": 3,
        "fecha_asignacion": "2025-10-12T19:38:15.233",
        "activo": true
    }
},
{
    "model": "Concursos_Online.evaluacion",
    "pk": 1,
    "fields": {
        "jurado": 1,
        "trabajo": 1,
        "puntuacion": "0.14",
        "comentario": "Puerto movimiento estuvo cabo. Tuvo viaje aun ellos grado alta ella éxito.",
        "fecha_evaluacion": "2025-10-12T19:38:15.435"
    }
},
{
    "model": "Concursos_Online.evaluacion",
    "pk": 2,
    "fields": {
        "jurado": 2,
        "trabajo": 1,
        "puntuacion": "8.84",
        "comentario": "Hacia autor mucha algún. Fiscal llevar control salud tarde viene. Radio luis mar media fecha cómo.",
        "fecha_evaluacion": "2025-10-12T19:38:15.441"
    }
},
{
    "model": "Concursos_Online.evaluacion",
    "pk": 3,
    "fields": {
        "jurado": 4,
        "trabajo": 2,
        "puntuacion": "4.71",
        "comentario": "Don crecimiento año resto. Cuya está ir capital vista cambio política el.",
        "fecha_evaluacion": "2025-10-12T19:38:15.450"
    }
},
{
    "model": "Concursos_Online.evaluacion",
    "pk": 4,
    "fields": {
        "jurado": 2,
        "trabajo": 3,
        "puntuacion": "6.05",
        "comentario": "Centro luis estilo. Línea exterior encuentro materia grupos. Necesidad pasa mientras.",
        "fecha_evaluacion": "2025-10-12T19:38:15.458"
    }
},
{
    "model": "Concursos_Online.evaluacion",
    "pk": 5,
    "fields": {
        "jurado": 3,
        "trabajo": 3,
        "puntuacion": "1.46",
        "comentario": "Casi aumento cómo propia dentro antonio. Eso unión proyecto luis produce hecho partidos.",
        "fecha_evaluacion": "2025-10-12T19:38:15.464"
    }
},
{
    "model": "Concursos_Online.evaluacion",
    "pk": 6,
    "fields": {
        "jurado": 5,
        "trabajo": 3,
        "puntuacion": "2.24",
        "comentario": "Precios encima bueno muchas. B más propia conseguir.",
        "fecha_evaluacion": "2025-10-12T19:38:15.470"
    }
},
{
    "model": "Concursos_Online.evaluacion",
    "pk": 7,
    "fields": {
        "jurado": 4,
        "trabajo": 4,
        "puntuacion": "6.81",
        "comentario": "Años dijo ni derechos cinco política.\nGrado siempre hora sur quien día puso.",
        "fecha_evaluacion": "2025-10-12T19:38:15.477"
    }
},
{
    "model": "Concursos_Online.evaluacion",
    "pk": 8,
    "fields": {
        "jurado": 2,
        "trabajo": 5,
        "puntuacion": "5.16",
        "comentario": "Mayoría torno lópez sólo. Mayoría se tiempo saber habían semana.\nObjeto grande voy paz llegó.",
        "fecha_evaluacion": "2025-10-12T19:38:15.484"
    }
},
{
    "model": "Concursos_Online.evaluacion",
    "pk": 9,
    "fields": {
        "jurado": 3,
        "trabajo": 5,
        "puntuacion": "7.46",
        "comentario": "Oro fuego eso mantener seis aquí. Pueden garcía particular van sino socialista cabeza.",
        "fecha_evaluacion": "2025-10-12T19:38:15.491"
    }
},
{
    "model": "Concursos_Online.evaluacion",
    "pk": 10,
    "fields": {
        "jurado": 5,
        "trabajo": 5,
        "puntuacion": "2.93",
        "comentario": "Técnica ocho alguna unidad. Bastante quienes menos comunidad después.",
        "fecha_evaluacion": "2025-10-12T19:38:15.497"
    }
},
{
    "model": "Concursos_Online.evaluacion",
    "pk": 11,
    "fields": {
        "jurado": 1,
        "trabajo": 6,
        "puntuacion": "8.22",
        "comentario": "Trabajar mejores debido ante. Uno libre luz escuela.",
        "fecha_evaluacion": "2025-10-12T19:38:15.504"
    }
},
{
    "model": "Concursos_Online.evaluacion",
    "pk": 12,
    "fields": {
        "jurado": 2,
        "trabajo": 6,
        "puntuacion": "6.84",
        "comentario": "Salud u naturaleza noche toda cuestión arte larga. Amigo información cuales donde gran considera.",
        "fecha_evaluacion": "2025-10-12T19:38:15.510"
    }
},
{
    "model": "Concursos_Online.evaluacion",
    "pk": 13,
    "fields": {
        "jurado": 1,
        "trabajo": 7,
        "puntuacion": "7.70",
        "comentario": "Ello día económico toda dónde fácil. Jamás mientras interior hermano democracia hacerlo j.",
        "fecha_evaluacion": "2025-10-12T19:38:15.516"
    }
},
{
    "model": "Concursos_Online.evaluacion",
    "pk": 14,
    "fields": {
        "jurado": 2,
        "trabajo": 7,
        "puntuacion": "5.85",
        "comentario": "Cargo tribunal estaban teoría.",
        "fecha_evaluacion": "2025-10-12T19:38:15.523"
    }
},
{
    "model": "Concursos_Online.evaluacion",
    "pk": 15,
    "fields": {
        "jurado": 4,
        "trabajo": 8,
        "puntuacion": "0.56",
        "comentario": "Campaña fútbol ocasión le humano ambiente puerto. Ese radio reunión voz políticas.",
        "fecha_evaluacion": "2025-10-12T19:38:15.529"
    }
},
{
    "model": "Concursos_Online.evaluacion",
    "pk": 16,
    "fields": {
        "jurado": 2,
        "trabajo": 9,
        "puntuacion": "7.86",
        "comentario": "José podía alta fin. Madrid sistema oposición equipo. He militares partido riesgo.",
        "fecha_evaluacion": "2025-10-12T19:38:15.536"
    }
},
{
    "model": "Concursos_Online.evaluacion",
    "pk": 17,
    "fields": {
        "jurado": 3,
        "trabajo": 9,
        "puntuacion": "1.18",
        "comentario": "Tiene ejército universidad manera siguiente. Mundial mismo segundo seguro alguien espera paciente.",
        "fecha_evaluacion": "2025-10-12T19:38:15.542"
    }
},
{
    "model": "Concursos_Online.evaluacion",
    "pk": 18,
    "fields": {
        "jurado": 5,
        "trabajo": 9,
        "puntuacion": "1.79",
        "comentario": "Distintos pacientes derecho creación película boca. Cómo obras encuentra llegó llama.",
        "fecha_evaluacion": "2025-10-12T19:38:15.549"
    }
},
{
    "model": "Concursos_Online.evaluacion",
    "pk": 19,
    "fields": {
        "jurado": 2,
        "trabajo": 10,
        "puntuacion": "9.78",
        "comentario": "Otras proyectos próximo viaje otra es comenzó. Años sector libertad mayor.",
        "fecha_evaluacion": "2025-10-12T19:38:15.556"
    }
},
{
    "model": "Concursos_Online.evaluacion",
    "pk": 20,
    "fields": {
        "jurado": 3,
        "trabajo": 10,
        "puntuacion": "8.70",
        "comentario": "Afirmó padre parece don unidos derecho seguir público.",
        "fecha_evaluacion": "2025-10-12T19:38:15.563"
    }
},
{
    "model": "Concursos_Online.evaluacion",
    "pk": 21,
    "fields": {
        "jurado": 5,
        "trabajo": 10,
        "puntuacion": "7.03",
        "comentario": "Dolor libre podía alrededor también. Vino pie amigos e cama trabajar. Voluntad dos vez trata luego.",
        "fecha_evaluacion": "2025-10-12T19:38:15.570"
    }
}
]
