[
{
    "model": "auth.permission",
    "pk": 1,
    "fields": {
        "name": "Can add log entry",
        "content_type": 1,
        "codename": "add_logentry"
    }
},
{
    "model": "auth.permission",
    "pk": 2,
    "fields": {
        "name": "Can change log entry",
        "content_type": 1,
        "codename": "change_logentry"
    }
},
{
    "model": "auth.permission",
    "pk": 3,
    "fields": {
        "name": "Can delete log entry",
        "content_type": 1,
        "codename": "delete_logentry"
    }
},
{
    "model": "auth.permission",
    "pk": 4,
    "fields": {
        "name": "Can view log entry",
        "content_type": 1,
        "codename": "view_logentry"
    }
},
{
    "model": "auth.permission",
    "pk": 5,
    "fields": {
        "name": "Can add permission",
        "content_type": 2,
        "codename": "add_permission"
    }
},
{
    "model": "auth.permission",
    "pk": 6,
    "fields": {
        "name": "Can change permission",
        "content_type": 2,
        "codename": "change_permission"
    }
},
{
    "model": "auth.permission",
    "pk": 7,
    "fields": {
        "name": "Can delete permission",
        "content_type": 2,
        "codename": "delete_permission"
    }
},
{
    "model": "auth.permission",
    "pk": 8,
    "fields": {
        "name": "Can view permission",
        "content_type": 2,
        "codename": "view_permission"
    }
},
{
    "model": "auth.permission",
    "pk": 9,
    "fields": {
        "name": "Can add group",
        "content_type": 3,
        "codename": "add_group"
    }
},
{
    "model": "auth.permission",
    "pk": 10,
    "fields": {
        "name": "Can change group",
        "content_type": 3,
        "codename": "change_group"
    }
},
{
    "model": "auth.permission",
    "pk": 11,
    "fields": {
        "name": "Can delete group",
        "content_type": 3,
        "codename": "delete_group"
    }
},
{
    "model": "auth.permission",
    "pk": 12,
    "fields": {
        "name": "Can view group",
        "content_type": 3,
        "codename": "view_group"
    }
},
{
    "model": "auth.permission",
    "pk": 13,
    "fields": {
        "name": "Can add content type",
        "content_type": 4,
        "codename": "add_contenttype"
    }
},
{
    "model": "auth.permission",
    "pk": 14,
    "fields": {
        "name": "Can change content type",
        "content_type": 4,
        "codename": "change_contenttype"
    }
},
{
    "model": "auth.permission",
    "pk": 15,
    "fields": {
        "name": "Can delete content type",
        "content_type": 4,
        "codename": "delete_contenttype"
    }
},
{
    "model": "auth.permission",
    "pk": 16,
    "fields": {
        "name": "Can view content type",
        "content_type": 4,
        "codename": "view_contenttype"
    }
},
{
    "model": "auth.permission",
    "pk": 17,
    "fields": {
        "name": "Can add session",
        "content_type": 5,
        "codename": "add_session"
    }
},
{
    "model": "auth.permission",
    "pk": 18,
    "fields": {
        "name": "Can change session",
        "content_type": 5,
        "codename": "change_session"
    }
},
{
    "model": "auth.permission",
    "pk": 19,
    "fields": {
        "name": "Can delete session",
        "content_type": 5,
        "codename": "delete_session"
    }
},
{
    "model": "auth.permission",
    "pk": 20,
    "fields": {
        "name": "Can view session",
        "content_type": 5,
        "codename": "view_session"
    }
},
{
    "model": "auth.permission",
    "pk": 21,
    "fields": {
        "name": "Can add administrador",
        "content_type": 6,
        "codename": "add_administrador"
    }
},
{
    "model": "auth.permission",
    "pk": 22,
    "fields": {
        "name": "Can change administrador",
        "content_type": 6,
        "codename": "change_administrador"
    }
},
{
    "model": "auth.permission",
    "pk": 23,
    "fields": {
        "name": "Can delete administrador",
        "content_type": 6,
        "codename": "delete_administrador"
    }
},
{
    "model": "auth.permission",
    "pk": 24,
    "fields": {
        "name": "Can view administrador",
        "content_type": 6,
        "codename": "view_administrador"
    }
},
{
    "model": "auth.permission",
    "pk": 25,
    "fields": {
        "name": "Can add participante",
        "content_type": 7,
        "codename": "add_participante"
    }
},
{
    "model": "auth.permission",
    "pk": 26,
    "fields": {
        "name": "Can change participante",
        "content_type": 7,
        "codename": "change_participante"
    }
},
{
    "model": "auth.permission",
    "pk": 27,
    "fields": {
        "name": "Can delete participante",
        "content_type": 7,
        "codename": "delete_participante"
    }
},
{
    "model": "auth.permission",
    "pk": 28,
    "fields": {
        "name": "Can view participante",
        "content_type": 7,
        "codename": "view_participante"
    }
},
{
    "model": "auth.permission",
    "pk": 29,
    "fields": {
        "name": "Can add concurso",
        "content_type": 8,
        "codename": "add_concurso"
    }
},
{
    "model": "auth.permission",
    "pk": 30,
    "fields": {
        "name": "Can change concurso",
        "content_type": 8,
        "codename": "change_concurso"
    }
},
{
    "model": "auth.permission",
    "pk": 31,
    "fields": {
        "name": "Can delete concurso",
        "content_type": 8,
        "codename": "delete_concurso"
    }
},
{
    "model": "auth.permission",
    "pk": 32,
    "fields": {
        "name": "Can view concurso",
        "content_type": 8,
        "codename": "view_concurso"
    }
},
{
    "model": "auth.permission",
    "pk": 33,
    "fields": {
        "name": "Can add asigna",
        "content_type": 9,
        "codename": "add_asigna"
    }
},
{
    "model": "auth.permission",
    "pk": 34,
    "fields": {
        "name": "Can change asigna",
        "content_type": 9,
        "codename": "change_asigna"
    }
},
{
    "model": "auth.permission",
    "pk": 35,
    "fields": {
        "name": "Can delete asigna",
        "content_type": 9,
        "codename": "delete_asigna"
    }
},
{
    "model": "auth.permission",
    "pk": 36,
    "fields": {
        "name": "Can view asigna",
        "content_type": 9,
        "codename": "view_asigna"
    }
},
{
    "model": "auth.permission",
    "pk": 37,
    "fields": {
        "name": "Can add jurado",
        "content_type": 10,
        "codename": "add_jurado"
    }
},
{
    "model": "auth.permission",
    "pk": 38,
    "fields": {
        "name": "Can change jurado",
        "content_type": 10,
        "codename": "change_jurado"
    }
},
{
    "model": "auth.permission",
    "pk": 39,
    "fields": {
        "name": "Can delete jurado",
        "content_type": 10,
        "codename": "delete_jurado"
    }
},
{
    "model": "auth.permission",
    "pk": 40,
    "fields": {
        "name": "Can view jurado",
        "content_type": 10,
        "codename": "view_jurado"
    }
},
{
    "model": "auth.permission",
    "pk": 41,
    "fields": {
        "name": "Can add evaluacion",
        "content_type": 11,
        "codename": "add_evaluacion"
    }
},
{
    "model": "auth.permission",
    "pk": 42,
    "fields": {
        "name": "Can change evaluacion",
        "content_type": 11,
        "codename": "change_evaluacion"
    }
},
{
    "model": "auth.permission",
    "pk": 43,
    "fields": {
        "name": "Can delete evaluacion",
        "content_type": 11,
        "codename": "delete_evaluacion"
    }
},
{
    "model": "auth.permission",
    "pk": 44,
    "fields": {
        "name": "Can view evaluacion",
        "content_type": 11,
        "codename": "view_evaluacion"
    }
},
{
    "model": "auth.permission",
    "pk": 45,
    "fields": {
        "name": "Can add notificacion",
        "content_type": 12,
        "codename": "add_notificacion"
    }
},
{
    "model": "auth.permission",
    "pk": 46,
    "fields": {
        "name": "Can change notificacion",
        "content_type": 12,
        "codename": "change_notificacion"
    }
},
{
    "model": "auth.permission",
    "pk": 47,
    "fields": {
        "name": "Can delete notificacion",
        "content_type": 12,
        "codename": "delete_notificacion"
    }
},
{
    "model": "auth.permission",
    "pk": 48,
    "fields": {
        "name": "Can view notificacion",
        "content_type": 12,
        "codename": "view_notificacion"
    }
},
{
    "model": "auth.permission",
    "pk": 49,
    "fields": {
        "name": "Can add inscribe",
        "content_type": 13,
        "codename": "add_inscribe"
    }
},
{
    "model": "auth.permission",
    "pk": 50,
    "fields": {
        "name": "Can change inscribe",
        "content_type": 13,
        "codename": "change_inscribe"
    }
},
{
    "model": "auth.permission",
    "pk": 51,
    "fields": {
        "name": "Can delete inscribe",
        "content_type": 13,
        "codename": "delete_inscribe"
    }
},
{
    "model": "auth.permission",
    "pk": 52,
    "fields": {
        "name": "Can view inscribe",
        "content_type": 13,
        "codename": "view_inscribe"
    }
},
{
    "model": "auth.permission",
    "pk": 53,
    "fields": {
        "name": "Can add trabajo",
        "content_type": 14,
        "codename": "add_trabajo"
    }
},
{
    "model": "auth.permission",
    "pk": 54,
    "fields": {
        "name": "Can change trabajo",
        "content_type": 14,
        "codename": "change_trabajo"
    }
},
{
    "model": "auth.permission",
    "pk": 55,
    "fields": {
        "name": "Can delete trabajo",
        "content_type": 14,
        "codename": "delete_trabajo"
    }
},
{
    "model": "auth.permission",
    "pk": 56,
    "fields": {
        "name": "Can view trabajo",
        "content_type": 14,
        "codename": "view_trabajo"
    }
},
{
    "model": "auth.permission",
    "pk": 57,
    "fields": {
        "name": "Can add user",
        "content_type": 15,
        "codename": "add_usuario"
    }
},
{
    "model": "auth.permission",
    "pk": 58,
    "fields": {
        "name": "Can change user",
        "content_type": 15,
        "codename": "change_usuario"
    }
},
{
    "model": "auth.permission",
    "pk": 59,
    "fields": {
        "name": "Can delete user",
        "content_type": 15,
        "codename": "delete_usuario"
    }
},
{
    "model": "auth.permission",
    "pk": 60,
    "fields": {
        "name": "Can view user",
        "content_type": 15,
        "codename": "view_usuario"
    }
},
{
    "model": "auth.permission",
    "pk": 61,
    "fields": {
        "name": "Can add recibe",
        "content_type": 16,
        "codename": "add_recibe"
    }
},
{
    "model": "auth.permission",
    "pk": 62,
    "fields": {
        "name": "Can change recibe",
        "content_type": 16,
        "codename": "change_recibe"
    }
},
{
    "model": "auth.permission",
    "pk": 63,
    "fields": {
        "name": "Can delete recibe",
        "content_type": 16,
        "codename": "delete_recibe"
    }
},
{
    "model": "auth.permission",
    "pk": 64,
    "fields": {
        "name": "Can view recibe",
        "content_type": 16,
        "codename": "view_recibe"
    }
},
{
    "model": "auth.permission",
    "pk": 65,
    "fields": {
        "name": "Can add perfil",
        "content_type": 17,
        "codename": "add_perfil"
    }
},
{
    "model": "auth.permission",
    "pk": 66,
    "fields": {
        "name": "Can change perfil",
        "content_type": 17,
        "codename": "change_perfil"
    }
},
{
    "model": "auth.permission",
    "pk": 67,
    "fields": {
        "name": "Can delete perfil",
        "content_type": 17,
        "codename": "delete_perfil"
    }
},
{
    "model": "auth.permission",
    "pk": 68,
    "fields": {
        "name": "Can view perfil",
        "content_type": 17,
        "codename": "view_perfil"
    }
},
{
    "model": "auth.group",
    "pk": 1,
    "fields": {
        "name": "Administrador",
        "permissions": [
            21,
            22,
            23,
            24,
            33,
            34,
            35,
            36,
            29,
            30,
            31,
            32,
            41,
            42,
            43,
            44,
            49,
            50,
            51,
            52,
            37,
            38,
            39,
            40,
            45,
            46,
            47,
            48,
            25,
            26,
            27,
            28,
            65,
            66,
            67,
            68,
            61,
            62,
            63,
            64,
            53,
            54,
            55,
            56,
            57,
            58,
            59,
            60
        ]
    }
},
{
    "model": "auth.group",
    "pk": 2,
    "fields": {
        "name": "Jurados",
        "permissions": [
            32,
            41,
            42,
            44,
            48,
            28,
            56
        ]
    }
},
{
    "model": "auth.group",
    "pk": 3,
    "fields": {
        "name": "Participantes",
        "permissions": [
            32,
            49,
            50,
            52,
            48,
            28,
            68,
            53,
            56
        ]
    }
},
{
    "model": "auth.group",
    "pk": 4,
    "fields": {
        "name": "Usuario",
        "permissions": [
            32,
            28,
            68
        ]
    }
},
{
    "model": "auth.group",
    "pk": 5,
    "fields": {
        "name": "Participante",
        "permissions": []
    }
},
{
    "model": "contenttypes.contenttype",
    "pk": 1,
    "fields": {
        "app_label": "admin",
        "model": "logentry"
    }
},
{
    "model": "contenttypes.contenttype",
    "pk": 2,
    "fields": {
        "app_label": "auth",
        "model": "permission"
    }
},
{
    "model": "contenttypes.contenttype",
    "pk": 3,
    "fields": {
        "app_label": "auth",
        "model": "group"
    }
},
{
    "model": "contenttypes.contenttype",
    "pk": 4,
    "fields": {
        "app_label": "contenttypes",
        "model": "contenttype"
    }
},
{
    "model": "contenttypes.contenttype",
    "pk": 5,
    "fields": {
        "app_label": "sessions",
        "model": "session"
    }
},
{
    "model": "contenttypes.contenttype",
    "pk": 6,
    "fields": {
        "app_label": "Concursos_Online",
        "model": "administrador"
    }
},
{
    "model": "contenttypes.contenttype",
    "pk": 7,
    "fields": {
        "app_label": "Concursos_Online",
        "model": "participante"
    }
},
{
    "model": "contenttypes.contenttype",
    "pk": 8,
    "fields": {
        "app_label": "Concursos_Online",
        "model": "concurso"
    }
},
{
    "model": "contenttypes.contenttype",
    "pk": 9,
    "fields": {
        "app_label": "Concursos_Online",
        "model": "asigna"
    }
},
{
    "model": "contenttypes.contenttype",
    "pk": 10,
    "fields": {
        "app_label": "Concursos_Online",
        "model": "jurado"
    }
},
{
    "model": "contenttypes.contenttype",
    "pk": 11,
    "fields": {
        "app_label": "Concursos_Online",
        "model": "evaluacion"
    }
},
{
    "model": "contenttypes.contenttype",
    "pk": 12,
    "fields": {
        "app_label": "Concursos_Online",
        "model": "notificacion"
    }
},
{
    "model": "contenttypes.contenttype",
    "pk": 13,
    "fields": {
        "app_label": "Concursos_Online",
        "model": "inscribe"
    }
},
{
    "model": "contenttypes.contenttype",
    "pk": 14,
    "fields": {
        "app_label": "Concursos_Online",
        "model": "trabajo"
    }
},
{
    "model": "contenttypes.contenttype",
    "pk": 15,
    "fields": {
        "app_label": "Concursos_Online",
        "model": "usuario"
    }
},
{
    "model": "contenttypes.contenttype",
    "pk": 16,
    "fields": {
        "app_label": "Concursos_Online",
        "model": "recibe"
    }
},
{
    "model": "contenttypes.contenttype",
    "pk": 17,
    "fields": {
        "app_label": "Concursos_Online",
        "model": "perfil"
    }
},
{
    "model": "Concursos_Online.usuario",
    "pk": 1,
    "fields": {
        "password": "pbkdf2_sha256$870000$drScRo9IxQlB3nOdsU9t7H$M//92vJ5KaxX89APZpxaE2fNXiID5dxiptfpEsZqwP8=",
        "last_login": null,
        "is_superuser": false,
        "username": "victorinoaranda",
        "first_name": "",
        "last_name": "",
        "email": "tereflores@example.net",
        "is_staff": false,
        "is_active": true,
        "date_joined": "2025-12-08T21:37:01.866",
        "rol": 2,
        "groups": [
            3,
            4
        ],
        "user_permissions": []
    }
},
{
    "model": "Concursos_Online.usuario",
    "pk": 2,
    "fields": {
        "password": "pbkdf2_sha256$870000$cK6glCVNlNvCLB6UoCOQ8m$afH3Cink32mqKp7H9p4MXkLU3a7FxCEc1n7VLwS/50Y=",
        "last_login": null,
        "is_superuser": false,
        "username": "miguel-angelrocamora",
        "first_name": "",
        "last_name": "",
        "email": "lidiasalazar@example.org",
        "is_staff": false,
        "is_active": true,
        "date_joined": "2025-12-08T21:37:02.252",
        "rol": 1,
        "groups": [
            1,
            4
        ],
        "user_permissions": []
    }
},
{
    "model": "Concursos_Online.usuario",
    "pk": 3,
    "fields": {
        "password": "pbkdf2_sha256$870000$WT9kzyIz5ofQuvH4B97hNZ$D5GiGXEKcvDMzW1eC7LCKE71rWfXSCPF3jGrBwS99CQ=",
        "last_login": null,
        "is_superuser": false,
        "username": "rosaliarobles",
        "first_name": "",
        "last_name": "",
        "email": "maricruzmendizabal@example.net",
        "is_staff": false,
        "is_active": true,
        "date_joined": "2025-12-08T21:37:02.623",
        "rol": 2,
        "groups": [
            3,
            4
        ],
        "user_permissions": []
    }
},
{
    "model": "Concursos_Online.usuario",
    "pk": 4,
    "fields": {
        "password": "pbkdf2_sha256$870000$WU49Dfz6kQpWhaD2JzJKUS$LHRUqqzmKDujJFKY8jI2kdU04drKI/gEF06P9LpPSiY=",
        "last_login": null,
        "is_superuser": false,
        "username": "codinageorgina",
        "first_name": "",
        "last_name": "",
        "email": "qalcantara@example.net",
        "is_staff": false,
        "is_active": true,
        "date_joined": "2025-12-08T21:37:02.994",
        "rol": 1,
        "groups": [
            1,
            4
        ],
        "user_permissions": []
    }
},
{
    "model": "Concursos_Online.usuario",
    "pk": 5,
    "fields": {
        "password": "pbkdf2_sha256$870000$TEx5QGOxJai4jNLcdV8u2A$iGCuEC2lQYbqDl9iRWXi5FoSdVdrwtgaVaTyMxPDKuQ=",
        "last_login": null,
        "is_superuser": false,
        "username": "nereida08",
        "first_name": "",
        "last_name": "",
        "email": "salinasselena@example.com",
        "is_staff": false,
        "is_active": true,
        "date_joined": "2025-12-08T21:37:03.366",
        "rol": 2,
        "groups": [
            3,
            4
        ],
        "user_permissions": []
    }
},
{
    "model": "Concursos_Online.usuario",
    "pk": 6,
    "fields": {
        "password": "pbkdf2_sha256$870000$H5rHms90ZFh5hJjNLOpgZJ$rqbgZZ7ibJu6RBUuO79w7cfrNFarERxqu/z/cKXeByo=",
        "last_login": null,
        "is_superuser": false,
        "username": "kblanca",
        "first_name": "",
        "last_name": "",
        "email": "paulinourena@example.com",
        "is_staff": false,
        "is_active": true,
        "date_joined": "2025-12-08T21:37:03.738",
        "rol": 2,
        "groups": [
            3,
            4
        ],
        "user_permissions": []
    }
},
{
    "model": "Concursos_Online.usuario",
    "pk": 7,
    "fields": {
        "password": "pbkdf2_sha256$870000$s7VsCGs5o0ER0erbKoCguK$xT7HB7afLHeiQTxxEOnQbalKBH61ZwWr+1+eh1Hw6wA=",
        "last_login": null,
        "is_superuser": false,
        "username": "edgar97",
        "first_name": "",
        "last_name": "",
        "email": "candelario36@example.org",
        "is_staff": false,
        "is_active": true,
        "date_joined": "2025-12-08T21:37:04.110",
        "rol": 1,
        "groups": [
            1,
            4
        ],
        "user_permissions": []
    }
},
{
    "model": "Concursos_Online.usuario",
    "pk": 8,
    "fields": {
        "password": "pbkdf2_sha256$870000$LmyPOcTXZVRd2Ow7pKM1SD$uYyh0XMBfgh0AiRHSzIv33Zr3+lL4pdsJ+Mbkk0IBpA=",
        "last_login": null,
        "is_superuser": false,
        "username": "galannazario",
        "first_name": "",
        "last_name": "",
        "email": "nroldan@example.org",
        "is_staff": false,
        "is_active": true,
        "date_joined": "2025-12-08T21:37:04.483",
        "rol": 2,
        "groups": [
            3,
            4
        ],
        "user_permissions": []
    }
},
{
    "model": "Concursos_Online.usuario",
    "pk": 9,
    "fields": {
        "password": "pbkdf2_sha256$870000$wUKdXvx84Ofh7J2U56g2bP$sc7hUz29hEn4F2MTNFGs6qepIPDqufyVvp3ViaAN9Ic=",
        "last_login": null,
        "is_superuser": false,
        "username": "egomez",
        "first_name": "",
        "last_name": "",
        "email": "maria-manuelalobo@example.org",
        "is_staff": false,
        "is_active": true,
        "date_joined": "2025-12-08T21:37:04.858",
        "rol": 2,
        "groups": [
            3,
            4
        ],
        "user_permissions": []
    }
},
{
    "model": "Concursos_Online.usuario",
    "pk": 10,
    "fields": {
        "password": "pbkdf2_sha256$870000$whaTK9Wzo0jKOml4W4ULQ3$OsSim6/yOV9RuSDGqF3rPCw/zNF6PsM5drBI7udXsi0=",
        "last_login": null,
        "is_superuser": false,
        "username": "eliasmorante",
        "first_name": "",
        "last_name": "",
        "email": "jodarflorentina@example.com",
        "is_staff": false,
        "is_active": true,
        "date_joined": "2025-12-08T21:37:05.231",
        "rol": 2,
        "groups": [
            3,
            4
        ],
        "user_permissions": []
    }
},
{
    "model": "Concursos_Online.usuario",
    "pk": 11,
    "fields": {
        "password": "pbkdf2_sha256$870000$6hS7TJJ5EcRYpOB9gRd11n$dSISTKu121h/mEy35aTrXG4Eu73HKANpbYE1X8VIJnk=",
        "last_login": null,
        "is_superuser": false,
        "username": "socorro90",
        "first_name": "",
        "last_name": "",
        "email": "piedadlarranaga@example.org",
        "is_staff": false,
        "is_active": true,
        "date_joined": "2025-12-08T21:37:05.604",
        "rol": 4,
        "groups": [
            4
        ],
        "user_permissions": []
    }
},
{
    "model": "Concursos_Online.usuario",
    "pk": 12,
    "fields": {
        "password": "pbkdf2_sha256$870000$NZa2soMQwBa882RCcGfUM2$wfpNikhCRcMceaFIopkFk+1yKXdRWe96E3AmWEXwmxI=",
        "last_login": null,
        "is_superuser": false,
        "username": "agustinluque",
        "first_name": "",
        "last_name": "",
        "email": "calvetzaira@example.com",
        "is_staff": false,
        "is_active": true,
        "date_joined": "2025-12-08T21:37:05.977",
        "rol": 3,
        "groups": [
            2,
            4
        ],
        "user_permissions": []
    }
},
{
    "model": "Concursos_Online.usuario",
    "pk": 13,
    "fields": {
        "password": "pbkdf2_sha256$870000$C2w0eFK1hJQKSY6s4Nncke$pJCsRlmM/BwCqmcwRNbyQ8GRa55ymYqYzuNHyccTQbw=",
        "last_login": null,
        "is_superuser": false,
        "username": "aitana94",
        "first_name": "",
        "last_name": "",
        "email": "ameliabaena@example.org",
        "is_staff": false,
        "is_active": true,
        "date_joined": "2025-12-08T21:37:06.349",
        "rol": 4,
        "groups": [
            4
        ],
        "user_permissions": []
    }
},
{
    "model": "Concursos_Online.usuario",
    "pk": 14,
    "fields": {
        "password": "pbkdf2_sha256$870000$lmcZlpivEKouVu4SdDPLes$bLfQC86rwlzlImRW6QmSmg3UDgsaSuXGFgikTsSn610=",
        "last_login": null,
        "is_superuser": false,
        "username": "romulo56",
        "first_name": "",
        "last_name": "",
        "email": "maria-manuelamiro@example.net",
        "is_staff": false,
        "is_active": true,
        "date_joined": "2025-12-08T21:37:06.711",
        "rol": 2,
        "groups": [
            3,
            4
        ],
        "user_permissions": []
    }
},
{
    "model": "Concursos_Online.usuario",
    "pk": 15,
    "fields": {
        "password": "pbkdf2_sha256$870000$shVcuHwCkBYC0ljIv4yqBd$zPxSeZX1MMZLStj/uxHZcaOXboilbeoNTz6wPVJmhnY=",
        "last_login": null,
        "is_superuser": false,
        "username": "isaura32",
        "first_name": "",
        "last_name": "",
        "email": "nadia87@example.net",
        "is_staff": false,
        "is_active": true,
        "date_joined": "2025-12-08T21:37:07.074",
        "rol": 4,
        "groups": [
            4
        ],
        "user_permissions": []
    }
},
{
    "model": "Concursos_Online.usuario",
    "pk": 16,
    "fields": {
        "password": "pbkdf2_sha256$870000$rAZk0KCSgKvAQ9RKmAclCU$N69SpkQFLCOqV1U3lTJxW2nXubtJOMC378EywyzCptk=",
        "last_login": null,
        "is_superuser": false,
        "username": "alara",
        "first_name": "",
        "last_name": "",
        "email": "bmarcos@example.org",
        "is_staff": false,
        "is_active": true,
        "date_joined": "2025-12-08T21:37:07.438",
        "rol": 4,
        "groups": [
            4
        ],
        "user_permissions": []
    }
},
{
    "model": "Concursos_Online.usuario",
    "pk": 17,
    "fields": {
        "password": "pbkdf2_sha256$870000$epuPE2EIKBz5pW3LJ50RxU$LmzweMXi0OF8PdSKf7u9TRvNddMneXZpTJvz4ATUego=",
        "last_login": null,
        "is_superuser": false,
        "username": "paola01",
        "first_name": "",
        "last_name": "",
        "email": "xpuig@example.org",
        "is_staff": false,
        "is_active": true,
        "date_joined": "2025-12-08T21:37:07.804",
        "rol": 2,
        "groups": [
            3,
            4
        ],
        "user_permissions": []
    }
},
{
    "model": "Concursos_Online.usuario",
    "pk": 18,
    "fields": {
        "password": "pbkdf2_sha256$870000$pOd9ExJnCRpkoRJrqJoSFH$9IiHiyNuIg5q3alWwXyNtctx/KtKtV1LlHwK9nn560I=",
        "last_login": null,
        "is_superuser": false,
        "username": "armando14",
        "first_name": "",
        "last_name": "",
        "email": "ferrerocristobal@example.com",
        "is_staff": false,
        "is_active": true,
        "date_joined": "2025-12-08T21:37:08.165",
        "rol": 4,
        "groups": [
            4
        ],
        "user_permissions": []
    }
},
{
    "model": "Concursos_Online.usuario",
    "pk": 19,
    "fields": {
        "password": "pbkdf2_sha256$870000$XUCCsjOSWkc5BKiVODWG77$Mm6HcZVmJZJZIReV4fOzDxqmnXa0raRIDSGbs05sHD8=",
        "last_login": null,
        "is_superuser": false,
        "username": "evangelinavalenzuela",
        "first_name": "",
        "last_name": "",
        "email": "villalbamarisela@example.net",
        "is_staff": false,
        "is_active": true,
        "date_joined": "2025-12-08T21:37:08.530",
        "rol": 2,
        "groups": [
            3,
            4
        ],
        "user_permissions": []
    }
},
{
    "model": "Concursos_Online.usuario",
    "pk": 20,
    "fields": {
        "password": "pbkdf2_sha256$870000$FeWwb9nCYj18t209LuGD7w$zhnxBj+LBvXT3ePMJxQinBP0X2ITvEqdixJ83HXMI1Q=",
        "last_login": null,
        "is_superuser": false,
        "username": "oluis",
        "first_name": "",
        "last_name": "",
        "email": "concepcionarce@example.com",
        "is_staff": false,
        "is_active": true,
        "date_joined": "2025-12-08T21:37:08.898",
        "rol": 3,
        "groups": [
            2,
            4
        ],
        "user_permissions": []
    }
},
{
    "model": "Concursos_Online.usuario",
    "pk": 21,
    "fields": {
        "password": "pbkdf2_sha256$870000$ybTEkqvYjR4nK28ElLQY08$KIFxeJPDJyZMxRw9DkfgLoqqiehnuszbGsi7EIINIW8=",
        "last_login": null,
        "is_superuser": false,
        "username": "corominasgeronimo",
        "first_name": "",
        "last_name": "",
        "email": "abigail65@example.com",
        "is_staff": false,
        "is_active": true,
        "date_joined": "2025-12-08T21:37:09.266",
        "rol": 4,
        "groups": [
            4
        ],
        "user_permissions": []
    }
},
{
    "model": "Concursos_Online.usuario",
    "pk": 22,
    "fields": {
        "password": "pbkdf2_sha256$870000$oscoPhgpcEAcI1SYWY57sn$cUbtnFETGieOhVF0neoyQ1h3dLd+7i+yN4Vy2uqcmY8=",
        "last_login": null,
        "is_superuser": false,
        "username": "cabanillaschita",
        "first_name": "",
        "last_name": "",
        "email": "trinidadrio@example.com",
        "is_staff": false,
        "is_active": true,
        "date_joined": "2025-12-08T21:37:09.628",
        "rol": 4,
        "groups": [
            4
        ],
        "user_permissions": []
    }
},
{
    "model": "Concursos_Online.usuario",
    "pk": 23,
    "fields": {
        "password": "pbkdf2_sha256$870000$fcG25cMOq5uAddLLlBIQJo$QeXHTjxuk602qHb39nLDABL0Jpk3iKNWF1JHg8Jpc0Q=",
        "last_login": null,
        "is_superuser": false,
        "username": "rossellolino",
        "first_name": "",
        "last_name": "",
        "email": "marianaropero@example.net",
        "is_staff": false,
        "is_active": true,
        "date_joined": "2025-12-08T21:37:09.985",
        "rol": 3,
        "groups": [
            2,
            4
        ],
        "user_permissions": []
    }
},
{
    "model": "Concursos_Online.usuario",
    "pk": 24,
    "fields": {
        "password": "pbkdf2_sha256$870000$455wDYyQRw1Kx1knIrnI7N$Eb5f+YmCV1TsB5jI7y+2jDcCEhjwLc7wRXasKGsvMOQ=",
        "last_login": null,
        "is_superuser": false,
        "username": "orianasanmartin",
        "first_name": "",
        "last_name": "",
        "email": "carlagomila@example.org",
        "is_staff": false,
        "is_active": true,
        "date_joined": "2025-12-08T21:37:10.345",
        "rol": 4,
        "groups": [
            4
        ],
        "user_permissions": []
    }
},
{
    "model": "Concursos_Online.usuario",
    "pk": 25,
    "fields": {
        "password": "pbkdf2_sha256$870000$15WwJPbWFM7DXRvqYhu7DI$c28yfU6n0XYhzK8EAaHwxhQiHR+kFqjUpSy6HTEbLZU=",
        "last_login": null,
        "is_superuser": false,
        "username": "pascualaribera",
        "first_name": "",
        "last_name": "",
        "email": "arandafrancisco-javier@example.org",
        "is_staff": false,
        "is_active": true,
        "date_joined": "2025-12-08T21:37:10.711",
        "rol": 4,
        "groups": [
            4
        ],
        "user_permissions": []
    }
},
{
    "model": "Concursos_Online.usuario",
    "pk": 26,
    "fields": {
        "password": "pbkdf2_sha256$870000$NF1anof0YiZ3eeRofGhIl9$LF/EROJaOw6dWT+rOXR79oWqtRw4c2rKwgoxhwHuicE=",
        "last_login": null,
        "is_superuser": false,
        "username": "teresaheredia",
        "first_name": "",
        "last_name": "",
        "email": "pereirateresa@example.com",
        "is_staff": false,
        "is_active": true,
        "date_joined": "2025-12-08T21:37:11.076",
        "rol": 3,
        "groups": [
            2,
            4
        ],
        "user_permissions": []
    }
},
{
    "model": "Concursos_Online.usuario",
    "pk": 27,
    "fields": {
        "password": "pbkdf2_sha256$870000$TsopRhntAr7frfunJYjAie$mLfp41Uw4MXl1ziJxYsnH2s7xyzZrOoWleq2Nx4OlUw=",
        "last_login": null,
        "is_superuser": false,
        "username": "ernestocerda",
        "first_name": "",
        "last_name": "",
        "email": "baudelio34@example.com",
        "is_staff": false,
        "is_active": true,
        "date_joined": "2025-12-08T21:37:11.441",
        "rol": 3,
        "groups": [
            2,
            4
        ],
        "user_permissions": []
    }
},
{
    "model": "Concursos_Online.usuario",
    "pk": 28,
    "fields": {
        "password": "pbkdf2_sha256$870000$FZbfhxxRrBosBJjFpe4pdv$q4AfdJO4Tq6w9578FgNBHp0TM7//CkoEZq+ZA2mSXOg=",
        "last_login": null,
        "is_superuser": false,
        "username": "blascodaniela",
        "first_name": "",
        "last_name": "",
        "email": "jacintapedraza@example.com",
        "is_staff": false,
        "is_active": true,
        "date_joined": "2025-12-08T21:37:11.805",
        "rol": 4,
        "groups": [
            4
        ],
        "user_permissions": []
    }
},
{
    "model": "Concursos_Online.usuario",
    "pk": 29,
    "fields": {
        "password": "pbkdf2_sha256$870000$Sz8rqt79qatuNDigoPRxCa$ICkFpJezjAuTiviMAnu2PjjXhoz6hxsEo5zX//EKw5s=",
        "last_login": null,
        "is_superuser": false,
        "username": "pacifica76",
        "first_name": "",
        "last_name": "",
        "email": "soriaale@example.org",
        "is_staff": false,
        "is_active": true,
        "date_joined": "2025-12-08T21:37:12.173",
        "rol": 4,
        "groups": [
            4
        ],
        "user_permissions": []
    }
},
{
    "model": "Concursos_Online.usuario",
    "pk": 30,
    "fields": {
        "password": "pbkdf2_sha256$870000$lfLeu6jUXqyzN0n1Y3fF8w$EkBSFTPB4ETHmnSQKjW22AzRXITfK2YWvwDygwcnfuU=",
        "last_login": null,
        "is_superuser": false,
        "username": "guillermo43",
        "first_name": "",
        "last_name": "",
        "email": "porfirio58@example.org",
        "is_staff": false,
        "is_active": true,
        "date_joined": "2025-12-08T21:37:12.539",
        "rol": 4,
        "groups": [
            4
        ],
        "user_permissions": []
    }
},
{
    "model": "Concursos_Online.usuario",
    "pk": 31,
    "fields": {
        "password": "pbkdf2_sha256$870000$Cez68SbOzwuvJ1fVtzaKgd$Bh9+CvRVfBU9MLuXKlfwYNrfRG8dxW49PANg6ME7eos=",
        "last_login": "2025-12-08T21:38:00.398",
        "is_superuser": true,
        "username": "super-admin",
        "first_name": "",
        "last_name": "",
        "email": "super-admin@example.com",
        "is_staff": true,
        "is_active": true,
        "date_joined": "2025-12-08T21:37:14.136",
        "rol": 4,
        "groups": [
            4
        ],
        "user_permissions": []
    }
},
{
    "model": "Concursos_Online.usuario",
    "pk": 32,
    "fields": {
        "password": "pbkdf2_sha256$870000$ItZ5ElvUvBIIWCPqnzoqtI$DyzGm2Yt/jz+ptihj+8iz8LC6hsOUJpcvdP+53MGkx4=",
        "last_login": "2025-12-08T21:37:47.985",
        "is_superuser": false,
        "username": "admin",
        "first_name": "",
        "last_name": "",
        "email": "admin@example.com",
        "is_staff": false,
        "is_active": true,
        "date_joined": "2025-12-08T21:37:14.541",
        "rol": 4,
        "groups": [
            1,
            4
        ],
        "user_permissions": []
    }
},
{
    "model": "Concursos_Online.usuario",
    "pk": 33,
    "fields": {
        "password": "pbkdf2_sha256$870000$DNrI2UnpsvKhPPuiFYq0Wq$aQFqt87yLPsAhw9RJLTQSuRjoAG0JMoSG5gwcXmu/Ds=",
        "last_login": "2025-12-08T21:38:17.296",
        "is_superuser": false,
        "username": "jurado",
        "first_name": "",
        "last_name": "",
        "email": "jurado@example.com",
        "is_staff": false,
        "is_active": true,
        "date_joined": "2025-12-08T21:37:14.936",
        "rol": 4,
        "groups": [
            2,
            4
        ],
        "user_permissions": []
    }
},
{
    "model": "Concursos_Online.usuario",
    "pk": 34,
    "fields": {
        "password": "pbkdf2_sha256$870000$kOWT993V5GbWbZjUE6zSrb$IxuHIB0m3/uu4OQwgb263ktT/JWkfyLanLH9ehtInA8=",
        "last_login": "2025-12-08T21:38:28.573",
        "is_superuser": false,
        "username": "participante",
        "first_name": "",
        "last_name": "",
        "email": "participante@example.com",
        "is_staff": false,
        "is_active": true,
        "date_joined": "2025-12-08T21:37:15.327",
        "rol": 4,
        "groups": [
            4,
            5
        ],
        "user_permissions": []
    }
},
{
    "model": "Concursos_Online.perfil",
    "pk": 1,
    "fields": {
        "usuario": 1,
        "nombre_completo": "Herminio Castell",
        "biografia": "Estado muerto entre podía. Tengo orden valor trata vuelve popular.",
        "fecha_nacimiento": "1991-01-06",
        "imagen_perfil": "usuarios/foto-perfil-001.jpg"
    }
},
{
    "model": "Concursos_Online.perfil",
    "pk": 2,
    "fields": {
        "usuario": 2,
        "nombre_completo": "Pilar del Llanos",
        "biografia": "Pública nos don los si algún. Algún esfuerzo señora animales. Miguel naturaleza distintos manuel tuvo político. Perdido madrid tú sociedad principio carácter podemos.",
        "fecha_nacimiento": "2007-07-03",
        "imagen_perfil": "usuarios/foto-perfil-002.jpg"
    }
},
{
    "model": "Concursos_Online.perfil",
    "pk": 3,
    "fields": {
        "usuario": 3,
        "nombre_completo": "Consuela Guardia López",
        "biografia": "Junto problema diferentes situación control semana. E millones tenía. Encuentro próximo objetivo el queda fueron aire.\nPropios humana sino natural. Aspectos banco natural lugar interés importantes.",
        "fecha_nacimiento": "1959-01-12",
        "imagen_perfil": "usuarios/foto-perfil-003.jpg"
    }
},
{
    "model": "Concursos_Online.perfil",
    "pk": 4,
    "fields": {
        "usuario": 4,
        "nombre_completo": "Glauco Tomé Vazquez",
        "biografia": "Españoles elementos calidad estas cultural e fuentes eran. Expresión teoría segunda parte parís precisamente prensa. Pese figura actitud vez solamente.",
        "fecha_nacimiento": "1955-12-02",
        "imagen_perfil": "usuarios/foto-perfil-004.jpg"
    }
},
{
    "model": "Concursos_Online.perfil",
    "pk": 5,
    "fields": {
        "usuario": 5,
        "nombre_completo": "Erasmo del Anglada",
        "biografia": "Hemos aire cambios presente. Existencia cargo hospital desde poco.\nSituación fuego siendo armas. Siete en existe conciencia minutos quiero. Violencia contenido nada habrá nuevo mantener.",
        "fecha_nacimiento": "1975-04-17",
        "imagen_perfil": "usuarios/foto-perfil-005.jpg"
    }
},
{
    "model": "Concursos_Online.perfil",
    "pk": 6,
    "fields": {
        "usuario": 6,
        "nombre_completo": "Fabiana Beltrán Cabello",
        "biografia": "Dicho técnica junto. Nada ejército político primer sentido blanco. Vamos paciente abril si congreso sociales obstante. Efectos político poner mitad ella toda unión falta.",
        "fecha_nacimiento": "1968-01-06",
        "imagen_perfil": "usuarios/foto-perfil-006.jpg"
    }
},
{
    "model": "Concursos_Online.perfil",
    "pk": 7,
    "fields": {
        "usuario": 7,
        "nombre_completo": "Espiridión Sola Barón",
        "biografia": "Primera dado arriba sea. Aquella sino este revolución española resultado otro. Estudios él frente alrededor méxico de.",
        "fecha_nacimiento": "1981-01-30",
        "imagen_perfil": "usuarios/foto-perfil-007.jpg"
    }
},
{
    "model": "Concursos_Online.perfil",
    "pk": 8,
    "fields": {
        "usuario": 8,
        "nombre_completo": "Artemio Pi Rojas",
        "biografia": "Poner muchas consejo estoy vez. San puso había amor quién.\nPesar partidos términos yo tener aparece. Encontrar decisión tenemos color medida. Seguridad necesario estructura club.",
        "fecha_nacimiento": "1991-11-08",
        "imagen_perfil": "usuarios/foto-perfil-008.jpg"
    }
},
{
    "model": "Concursos_Online.perfil",
    "pk": 9,
    "fields": {
        "usuario": 9,
        "nombre_completo": "Bernarda Elías Santos",
        "biografia": "Música luis dos producto tema. Partes forma m nunca pesar riesgo cada resultado. Frente don nadie experiencia jamás espera. Media hermano larga mano paso generales mundo.",
        "fecha_nacimiento": "1975-03-26",
        "imagen_perfil": "usuarios/foto-perfil-009.jpg"
    }
},
{
    "model": "Concursos_Online.perfil",
    "pk": 10,
    "fields": {
        "usuario": 10,
        "nombre_completo": "Apolonia Palmira Jáuregui Salom",
        "biografia": "Solo cabo maría voz con principios. Francia su carrera corazón. Llegar último hicieron.",
        "fecha_nacimiento": "1991-11-27",
        "imagen_perfil": "usuarios/foto-perfil-010.jpg"
    }
},
{
    "model": "Concursos_Online.perfil",
    "pk": 11,
    "fields": {
        "usuario": 11,
        "nombre_completo": "Candelas Gonzalo Tormo",
        "biografia": "Precios obras cultural doctor eso. Medios personas carlos destino. Cine ésta paz arriba política quiere opinión sistema.\nCosas público entre. Tenemos buenos lucha mujer.",
        "fecha_nacimiento": "1971-04-22",
        "imagen_perfil": "usuarios/foto-perfil-011.jpg"
    }
},
{
    "model": "Concursos_Online.perfil",
    "pk": 12,
    "fields": {
        "usuario": 12,
        "nombre_completo": "Nereida del Peña",
        "biografia": "Cuales sé proyecto cuya enfermedad. Salir principios pasar había doctor posibilidad. Sí peor no tendrá carne propia particular.",
        "fecha_nacimiento": "1978-12-01",
        "imagen_perfil": "usuarios/foto-perfil-012.jpg"
    }
},
{
    "model": "Concursos_Online.perfil",
    "pk": 13,
    "fields": {
        "usuario": 13,
        "nombre_completo": "Alejo Haro-Rovira",
        "biografia": "Justicia información diez chile allí carrera internacional. Valor esta cómo siguientes también efecto empresa.",
        "fecha_nacimiento": "1958-06-08",
        "imagen_perfil": "usuarios/foto-perfil-013.jpg"
    }
},
{
    "model": "Concursos_Online.perfil",
    "pk": 14,
    "fields": {
        "usuario": 14,
        "nombre_completo": "Trinidad Concha Nicolás Espinosa",
        "biografia": "Ejército algunas mayores período alta primero. Casa libertad alrededor llevar.",
        "fecha_nacimiento": "1991-01-24",
        "imagen_perfil": "usuarios/foto-perfil-014.jpg"
    }
},
{
    "model": "Concursos_Online.perfil",
    "pk": 15,
    "fields": {
        "usuario": 15,
        "nombre_completo": "Ignacio de Escudero",
        "biografia": "Por después silencio miedo. Nacional puedo total tuvo silencio.\nUnión perdido posición última negro.\nPablo banco frente ministerio supuesto. Formas solución oposición origen.",
        "fecha_nacimiento": "1975-07-20",
        "imagen_perfil": "usuarios/foto-perfil-015.jpg"
    }
},
{
    "model": "Concursos_Online.perfil",
    "pk": 16,
    "fields": {
        "usuario": 16,
        "nombre_completo": "Lupe Carrillo",
        "biografia": "Diciembre haciendo después estuvo memoria mirada llamado mejor. Por posible seguro europea domingo. Serán lo mis deja.",
        "fecha_nacimiento": "1980-03-22",
        "imagen_perfil": "usuarios/foto-perfil-016.jpg"
    }
},
{
    "model": "Concursos_Online.perfil",
    "pk": 17,
    "fields": {
        "usuario": 17,
        "nombre_completo": "Dani Mendoza-Oller",
        "biografia": "Popular me niveles juego república jóvenes tienen. Universidad buen juan medios pesar. Color han compañía ese éste.",
        "fecha_nacimiento": "1966-03-10",
        "imagen_perfil": "usuarios/foto-perfil-017.jpg"
    }
},
{
    "model": "Concursos_Online.perfil",
    "pk": 18,
    "fields": {
        "usuario": 18,
        "nombre_completo": "Eva María del Donoso",
        "biografia": "Unas fueron obras últimos conseguir formación cargo. Cuatro carlos unidad psoe. Pie vista que después.\nHombre aparece nuevos quiere. He son llamado hoy rafael victoria.",
        "fecha_nacimiento": "1969-11-28",
        "imagen_perfil": "usuarios/foto-perfil-018.jpg"
    }
},
{
    "model": "Concursos_Online.perfil",
    "pk": 19,
    "fields": {
        "usuario": 19,
        "nombre_completo": "Ainara Ferrando Adán",
        "biografia": "Espera jorge estado tanto. Medida pequeño mar pesar nueva san hechos. Quien ninguna autor.",
        "fecha_nacimiento": "1978-11-26",
        "imagen_perfil": "usuarios/foto-perfil-019.jpg"
    }
},
{
    "model": "Concursos_Online.perfil",
    "pk": 20,
    "fields": {
        "usuario": 20,
        "nombre_completo": "Ruperta Mora Herranz",
        "biografia": "Voy don qué otras. Otro fuentes razón n con democracia mucho. Mundo es palabra música n.\nEstados haciendo mal hemos madre curso zona. Primeras obstante muy grupo arte. Estuvo cantidad puerta.",
        "fecha_nacimiento": "1978-06-15",
        "imagen_perfil": "usuarios/foto-perfil-020.jpg"
    }
},
{
    "model": "Concursos_Online.perfil",
    "pk": 21,
    "fields": {
        "usuario": 21,
        "nombre_completo": "Bernabé Pánfilo Perez Ramirez",
        "biografia": "Trabajar noche generales son.\nEspañola cinco toda construcción trabajar sea. Etapa parecía quería fuego manera bueno abril. Acerca sectores estilo pero expresión.",
        "fecha_nacimiento": "1998-07-09",
        "imagen_perfil": "usuarios/foto-perfil-021.jpg"
    }
},
{
    "model": "Concursos_Online.perfil",
    "pk": 22,
    "fields": {
        "usuario": 22,
        "nombre_completo": "Andrés Gibert Cases",
        "biografia": "Francisco primeras medio boca hacer pie siempre. Primeras sector algún escuela tema cuya peso.",
        "fecha_nacimiento": "1992-10-05",
        "imagen_perfil": "usuarios/foto-perfil-022.jpg"
    }
},
{
    "model": "Concursos_Online.perfil",
    "pk": 23,
    "fields": {
        "usuario": 23,
        "nombre_completo": "Ruy Alarcón Ferrán",
        "biografia": "Luego servicio lucha sociedad servicio lo siguientes. Expresión política argentina tú voluntad antes martín. Cuando cerca hasta río.",
        "fecha_nacimiento": "1957-10-11",
        "imagen_perfil": "usuarios/foto-perfil-023.jpg"
    }
},
{
    "model": "Concursos_Online.perfil",
    "pk": 24,
    "fields": {
        "usuario": 24,
        "nombre_completo": "Glauco Quiroga Losada",
        "biografia": "Política don van fuera aquel cierta van. Chile c paso primera.\nUnos nacional nombre. Modo padres través. Torno sociedad español puerto dolor intereses población.",
        "fecha_nacimiento": "2004-04-08",
        "imagen_perfil": "usuarios/foto-perfil-024.jpg"
    }
},
{
    "model": "Concursos_Online.perfil",
    "pk": 25,
    "fields": {
        "usuario": 25,
        "nombre_completo": "Amada Abellán Rivas",
        "biografia": "Consejo piel soy mayoría posición profesional generales. Busca hacia d prueba tipo casa. Ciencia actual cuba sociedad cine sabe.\nResultados comercio manos precisamente medios ahí.",
        "fecha_nacimiento": "1964-03-13",
        "imagen_perfil": "usuarios/foto-perfil-025.jpg"
    }
},
{
    "model": "Concursos_Online.perfil",
    "pk": 26,
    "fields": {
        "usuario": 26,
        "nombre_completo": "Maricruz Valenzuela Caparrós",
        "biografia": "Opinión cama necesario pasó española actividades demás. Encontrar toma cuarto espacio una estilo año hicieron.\nCreo hubo santa ellos. Piel falta apoyo clase.",
        "fecha_nacimiento": "1999-06-01",
        "imagen_perfil": "usuarios/foto-perfil-026.jpg"
    }
},
{
    "model": "Concursos_Online.perfil",
    "pk": 27,
    "fields": {
        "usuario": 27,
        "nombre_completo": "Nuria Manjón",
        "biografia": "Miembros jóvenes comenzó real partir después práctica. Una psoe tres líder servicios ejército paso.\nAsociación esta cultura cambios. Efecto televisión primer ii práctica organización.",
        "fecha_nacimiento": "2000-02-04",
        "imagen_perfil": "usuarios/foto-perfil-027.jpg"
    }
},
{
    "model": "Concursos_Online.perfil",
    "pk": 28,
    "fields": {
        "usuario": 28,
        "nombre_completo": "Renato del Tamarit",
        "biografia": "Diario calidad grupo como algunos a durante. Palabra si algunas con. Nuevo dijo hay noche.\nCreación menos comunicación resto. Alto semana deja pensar carácter hospital cuyo varias.",
        "fecha_nacimiento": "1969-03-06",
        "imagen_perfil": "usuarios/foto-perfil-028.jpg"
    }
},
{
    "model": "Concursos_Online.perfil",
    "pk": 29,
    "fields": {
        "usuario": 29,
        "nombre_completo": "Cándido Caro Esparza",
        "biografia": "Luego están carta. Persona pueda cualquier. Podría señor pese autoridades datos reforma derechos. Primero material esos dentro si francia vez.",
        "fecha_nacimiento": "1979-04-04",
        "imagen_perfil": "usuarios/foto-perfil-029.jpg"
    }
},
{
    "model": "Concursos_Online.perfil",
    "pk": 30,
    "fields": {
        "usuario": 30,
        "nombre_completo": "Faustino Sarabia Cisneros",
        "biografia": "Derecho meses propio semanas aquellas sea hacen. Produce diferentes última ciudad suerte mucha siempre medida.\nEstados pasa puso asociación interior los. Embargo durante distintos exterior si julio.",
        "fecha_nacimiento": "1988-12-13",
        "imagen_perfil": "usuarios/foto-perfil-030.jpg"
    }
},
{
    "model": "Concursos_Online.jurado",
    "pk": 1,
    "fields": {
        "usuario": 26,
        "experiencia": 4,
        "especialidad": "Peón de obras públicas y mantenimiento",
        "disponible": true,
        "puntuacion_media": "6.55"
    }
},
{
    "model": "Concursos_Online.jurado",
    "pk": 2,
    "fields": {
        "usuario": 27,
        "experiencia": 3,
        "especialidad": "Constructor de casas",
        "disponible": true,
        "puntuacion_media": "4.55"
    }
},
{
    "model": "Concursos_Online.jurado",
    "pk": 3,
    "fields": {
        "usuario": 23,
        "experiencia": 5,
        "especialidad": "Operador de máquinas para fabricar productos de papel",
        "disponible": true,
        "puntuacion_media": "8.39"
    }
},
{
    "model": "Concursos_Online.jurado",
    "pk": 4,
    "fields": {
        "usuario": 12,
        "experiencia": 7,
        "especialidad": "Astrólogo",
        "disponible": true,
        "puntuacion_media": "5.70"
    }
},
{
    "model": "Concursos_Online.jurado",
    "pk": 5,
    "fields": {
        "usuario": 20,
        "experiencia": 4,
        "especialidad": "Ingeniero mecánico",
        "disponible": true,
        "puntuacion_media": "3.83"
    }
},
{
    "model": "Concursos_Online.participante",
    "pk": 1,
    "fields": {
        "usuario": 14,
        "alias": "yanguita",
        "edad": 56,
        "nivel": 5,
        "puntuacion_total": "43.13"
    }
},
{
    "model": "Concursos_Online.participante",
    "pk": 2,
    "fields": {
        "usuario": 5,
        "alias": "martina75",
        "edad": 23,
        "nivel": 2,
        "puntuacion_total": "54.22"
    }
},
{
    "model": "Concursos_Online.participante",
    "pk": 3,
    "fields": {
        "usuario": 9,
        "alias": "pliniolarranaga",
        "edad": 42,
        "nivel": 5,
        "puntuacion_total": "36.59"
    }
},
{
    "model": "Concursos_Online.participante",
    "pk": 4,
    "fields": {
        "usuario": 1,
        "alias": "polojacobo",
        "edad": 25,
        "nivel": 4,
        "puntuacion_total": "29.01"
    }
},
{
    "model": "Concursos_Online.participante",
    "pk": 5,
    "fields": {
        "usuario": 6,
        "alias": "tenoriocarla",
        "edad": 42,
        "nivel": 3,
        "puntuacion_total": "87.00"
    }
},
{
    "model": "Concursos_Online.participante",
    "pk": 6,
    "fields": {
        "usuario": 17,
        "alias": "isauramir",
        "edad": 54,
        "nivel": 4,
        "puntuacion_total": "92.27"
    }
},
{
    "model": "Concursos_Online.participante",
    "pk": 7,
    "fields": {
        "usuario": 19,
        "alias": "qmiguel",
        "edad": 56,
        "nivel": 3,
        "puntuacion_total": "16.17"
    }
},
{
    "model": "Concursos_Online.participante",
    "pk": 8,
    "fields": {
        "usuario": 8,
        "alias": "pdomingo",
        "edad": 26,
        "nivel": 3,
        "puntuacion_total": "21.97"
    }
},
{
    "model": "Concursos_Online.participante",
    "pk": 9,
    "fields": {
        "usuario": 3,
        "alias": "georginanunez",
        "edad": 22,
        "nivel": 4,
        "puntuacion_total": "37.71"
    }
},
{
    "model": "Concursos_Online.participante",
    "pk": 10,
    "fields": {
        "usuario": 10,
        "alias": "corominasbarbara",
        "edad": 60,
        "nivel": 5,
        "puntuacion_total": "4.40"
    }
},
{
    "model": "Concursos_Online.administrador",
    "pk": 1,
    "fields": {
        "usuario": 4,
        "area_responsable": "Codificador de datos",
        "activo": true,
        "fecha_asignacion": "2025-12-08T21:37:13.106",
        "horario_disponible": "17:37:58"
    }
},
{
    "model": "Concursos_Online.administrador",
    "pk": 2,
    "fields": {
        "usuario": 7,
        "area_responsable": "Profesor de enseñanza secundaria",
        "activo": true,
        "fecha_asignacion": "2025-12-08T21:37:13.124",
        "horario_disponible": "13:10:04"
    }
},
{
    "model": "Concursos_Online.administrador",
    "pk": 3,
    "fields": {
        "usuario": 2,
        "area_responsable": "Abogado",
        "activo": true,
        "fecha_asignacion": "2025-12-08T21:37:13.140",
        "horario_disponible": "14:32:26"
    }
},
{
    "model": "Concursos_Online.notificacion",
    "pk": 1,
    "fields": {
        "autor": 1,
        "titulo": "Me relación fiscal etc.",
        "mensaje": "Mil días partes última demasiado congreso mientras. Frente al existencia nosotros nuevas cuarto debe.",
        "fecha_envio": "2025-12-08T21:37:13.828"
    }
},
{
    "model": "Concursos_Online.notificacion",
    "pk": 2,
    "fields": {
        "autor": 1,
        "titulo": "Encuentran nuestro voz.",
        "mensaje": "Acto al blanca. Libro pueden ley medio sí.\nZona segunda ideas hija. Natural puede relación estaba oficial actividad c.",
        "fecha_envio": "2025-12-08T21:37:13.873"
    }
},
{
    "model": "Concursos_Online.notificacion",
    "pk": 3,
    "fields": {
        "autor": 2,
        "titulo": "Veces empresa había existe para.",
        "mensaje": "Aun dar argentina muy. Única argentina salud finalmente fútbol.",
        "fecha_envio": "2025-12-08T21:37:13.920"
    }
},
{
    "model": "Concursos_Online.notificacion",
    "pk": 4,
    "fields": {
        "autor": 2,
        "titulo": "Alguna me mujeres.",
        "mensaje": "Habrá esto supuesto amigos. Seguro demás i defensa produce. Lugar europa gobierno maría blanca. Ciento pues madre dejar debía.",
        "fecha_envio": "2025-12-08T21:37:13.972"
    }
},
{
    "model": "Concursos_Online.notificacion",
    "pk": 5,
    "fields": {
        "autor": 3,
        "titulo": "Sí políticas quizá juez uno.",
        "mensaje": "Área otros película tiempos hicieron equipo. Niño flores cuando podemos servicios otras.",
        "fecha_envio": "2025-12-08T21:37:14.014"
    }
},
{
    "model": "Concursos_Online.notificacion",
    "pk": 6,
    "fields": {
        "autor": 3,
        "titulo": "Aunque intereses esa.",
        "mensaje": "Pequeño bien embargo este sigue creación. Junio ejército fuerte toma barcelona toda riesgo dan. Propio vista puedo que pie mujeres quizá.",
        "fecha_envio": "2025-12-08T21:37:14.044"
    }
},
{
    "model": "Concursos_Online.recibe",
    "pk": 1,
    "fields": {
        "usuario": 2,
        "notificacion": 1,
        "estado": "EN",
        "fecha_recepcion": "2025-12-08T21:37:13.833"
    }
},
{
    "model": "Concursos_Online.recibe",
    "pk": 2,
    "fields": {
        "usuario": 14,
        "notificacion": 1,
        "estado": "PE",
        "fecha_recepcion": "2025-12-08T21:37:13.840"
    }
},
{
    "model": "Concursos_Online.recibe",
    "pk": 3,
    "fields": {
        "usuario": 10,
        "notificacion": 1,
        "estado": "PE",
        "fecha_recepcion": "2025-12-08T21:37:13.845"
    }
},
{
    "model": "Concursos_Online.recibe",
    "pk": 4,
    "fields": {
        "usuario": 17,
        "notificacion": 1,
        "estado": "PE",
        "fecha_recepcion": "2025-12-08T21:37:13.857"
    }
},
{
    "model": "Concursos_Online.recibe",
    "pk": 5,
    "fields": {
        "usuario": 20,
        "notificacion": 1,
        "estado": "PE",
        "fecha_recepcion": "2025-12-08T21:37:13.863"
    }
},
{
    "model": "Concursos_Online.recibe",
    "pk": 6,
    "fields": {
        "usuario": 2,
        "notificacion": 2,
        "estado": "PE",
        "fecha_recepcion": "2025-12-08T21:37:13.881"
    }
},
{
    "model": "Concursos_Online.recibe",
    "pk": 7,
    "fields": {
        "usuario": 18,
        "notificacion": 2,
        "estado": "EN",
        "fecha_recepcion": "2025-12-08T21:37:13.890"
    }
},
{
    "model": "Concursos_Online.recibe",
    "pk": 8,
    "fields": {
        "usuario": 9,
        "notificacion": 2,
        "estado": "PE",
        "fecha_recepcion": "2025-12-08T21:37:13.897"
    }
},
{
    "model": "Concursos_Online.recibe",
    "pk": 9,
    "fields": {
        "usuario": 13,
        "notificacion": 2,
        "estado": "EN",
        "fecha_recepcion": "2025-12-08T21:37:13.905"
    }
},
{
    "model": "Concursos_Online.recibe",
    "pk": 10,
    "fields": {
        "usuario": 22,
        "notificacion": 2,
        "estado": "PE",
        "fecha_recepcion": "2025-12-08T21:37:13.913"
    }
},
{
    "model": "Concursos_Online.recibe",
    "pk": 11,
    "fields": {
        "usuario": 20,
        "notificacion": 3,
        "estado": "EN",
        "fecha_recepcion": "2025-12-08T21:37:13.933"
    }
},
{
    "model": "Concursos_Online.recibe",
    "pk": 12,
    "fields": {
        "usuario": 29,
        "notificacion": 3,
        "estado": "EN",
        "fecha_recepcion": "2025-12-08T21:37:13.943"
    }
},
{
    "model": "Concursos_Online.recibe",
    "pk": 13,
    "fields": {
        "usuario": 3,
        "notificacion": 3,
        "estado": "PE",
        "fecha_recepcion": "2025-12-08T21:37:13.954"
    }
},
{
    "model": "Concursos_Online.recibe",
    "pk": 14,
    "fields": {
        "usuario": 17,
        "notificacion": 3,
        "estado": "EN",
        "fecha_recepcion": "2025-12-08T21:37:13.960"
    }
},
{
    "model": "Concursos_Online.recibe",
    "pk": 15,
    "fields": {
        "usuario": 18,
        "notificacion": 3,
        "estado": "PE",
        "fecha_recepcion": "2025-12-08T21:37:13.966"
    }
},
{
    "model": "Concursos_Online.recibe",
    "pk": 16,
    "fields": {
        "usuario": 14,
        "notificacion": 4,
        "estado": "PE",
        "fecha_recepcion": "2025-12-08T21:37:13.977"
    }
},
{
    "model": "Concursos_Online.recibe",
    "pk": 17,
    "fields": {
        "usuario": 22,
        "notificacion": 4,
        "estado": "EN",
        "fecha_recepcion": "2025-12-08T21:37:13.988"
    }
},
{
    "model": "Concursos_Online.recibe",
    "pk": 18,
    "fields": {
        "usuario": 26,
        "notificacion": 4,
        "estado": "EN",
        "fecha_recepcion": "2025-12-08T21:37:13.996"
    }
},
{
    "model": "Concursos_Online.recibe",
    "pk": 19,
    "fields": {
        "usuario": 18,
        "notificacion": 4,
        "estado": "EN",
        "fecha_recepcion": "2025-12-08T21:37:14.002"
    }
},
{
    "model": "Concursos_Online.recibe",
    "pk": 20,
    "fields": {
        "usuario": 20,
        "notificacion": 4,
        "estado": "PE",
        "fecha_recepcion": "2025-12-08T21:37:14.007"
    }
},
{
    "model": "Concursos_Online.recibe",
    "pk": 21,
    "fields": {
        "usuario": 8,
        "notificacion": 5,
        "estado": "EN",
        "fecha_recepcion": "2025-12-08T21:37:14.019"
    }
},
{
    "model": "Concursos_Online.recibe",
    "pk": 22,
    "fields": {
        "usuario": 10,
        "notificacion": 5,
        "estado": "PE",
        "fecha_recepcion": "2025-12-08T21:37:14.024"
    }
},
{
    "model": "Concursos_Online.recibe",
    "pk": 23,
    "fields": {
        "usuario": 17,
        "notificacion": 5,
        "estado": "EN",
        "fecha_recepcion": "2025-12-08T21:37:14.029"
    }
},
{
    "model": "Concursos_Online.recibe",
    "pk": 24,
    "fields": {
        "usuario": 28,
        "notificacion": 5,
        "estado": "EN",
        "fecha_recepcion": "2025-12-08T21:37:14.034"
    }
},
{
    "model": "Concursos_Online.recibe",
    "pk": 25,
    "fields": {
        "usuario": 9,
        "notificacion": 5,
        "estado": "EN",
        "fecha_recepcion": "2025-12-08T21:37:14.039"
    }
},
{
    "model": "Concursos_Online.recibe",
    "pk": 26,
    "fields": {
        "usuario": 30,
        "notificacion": 6,
        "estado": "EN",
        "fecha_recepcion": "2025-12-08T21:37:14.049"
    }
},
{
    "model": "Concursos_Online.recibe",
    "pk": 27,
    "fields": {
        "usuario": 3,
        "notificacion": 6,
        "estado": "EN",
        "fecha_recepcion": "2025-12-08T21:37:14.054"
    }
},
{
    "model": "Concursos_Online.recibe",
    "pk": 28,
    "fields": {
        "usuario": 8,
        "notificacion": 6,
        "estado": "EN",
        "fecha_recepcion": "2025-12-08T21:37:14.059"
    }
},
{
    "model": "Concursos_Online.recibe",
    "pk": 29,
    "fields": {
        "usuario": 28,
        "notificacion": 6,
        "estado": "EN",
        "fecha_recepcion": "2025-12-08T21:37:14.064"
    }
},
{
    "model": "Concursos_Online.recibe",
    "pk": 30,
    "fields": {
        "usuario": 6,
        "notificacion": 6,
        "estado": "PE",
        "fecha_recepcion": "2025-12-08T21:37:14.069"
    }
},
{
    "model": "Concursos_Online.concurso",
    "pk": 1,
    "fields": {
        "nombre": "Torneo Internacional de Canto",
        "descripcion": "Lugar juan diez mes superior.\nVe secretario aspecto estas si cual. Toda estar derecha razón.\nHabla cabo caso haber espera universidad. Tras familia así soy hijo lópez camino.\nAquí prueba atención la. Entre internacional cual favor pueblo tomar torno posible.",
        "fecha_inicio": "2025-09-25T21:37:13.423",
        "fecha_final": "2025-10-10T21:37:13.423",
        "activo": true,
        "creador": 3,
        "ganador": 7
    }
},
{
    "model": "Concursos_Online.concurso",
    "pk": 2,
    "fields": {
        "nombre": "Premio Regional de Pintura",
        "descripcion": "Sol dio expresión. Francia momentos hechos primeros. Español técnica llegó tenemos personal media final revolución.\nPartido tenido enfermedad capacidad tipos muchas ocasiones. Mayor visita mismos demasiado especial buena volver. Material formas cosa quería.",
        "fecha_inicio": "2025-06-16T21:37:13.430",
        "fecha_final": "2025-06-28T21:37:13.430",
        "activo": true,
        "creador": 1,
        "ganador": 7
    }
},
{
    "model": "Concursos_Online.concurso",
    "pk": 3,
    "fields": {
        "nombre": "Torneo Regional de Pintura",
        "descripcion": "Puerta riesgo eran. Semanas premio eso región mercado. Pacientes aspectos ellos cara.\nOposición sentido siete parte. Libertad padres e.\nCreo médico habría ha. Rodríguez precisamente ve.\nLe favor doctor todo tampoco formación baja voz. Perdido joven mirada todavía varios datos.",
        "fecha_inicio": "2025-07-05T21:37:13.438",
        "fecha_final": "2025-07-10T21:37:13.438",
        "activo": true,
        "creador": 1,
        "ganador": 8
    }
},
{
    "model": "Concursos_Online.concurso",
    "pk": 4,
    "fields": {
        "nombre": "Concurso Regional de Arte Digital",
        "descripcion": "Propuesta soy torno acerca me primeras poco. Muy presente peor congreso.\nHechos armas lugar desarrollo madrid. Esfuerzo hacen de calidad comercio conocimiento. Militar llega todavía económico zonas muchos peor.\nPaciente podía yo era período. Casa trabajar gonzález organización varios una memoria.",
        "fecha_inicio": "2025-07-18T21:37:13.443",
        "fecha_final": "2025-07-23T21:37:13.443",
        "activo": false,
        "creador": 3,
        "ganador": 1
    }
},
{
    "model": "Concursos_Online.concurso",
    "pk": 5,
    "fields": {
        "nombre": "Torneo Juvenil de Pintura",
        "descripcion": "Estilo mesa ministerio volver solamente mucho b. Miguel industria precio pone este b. Contrario padres productos ser durante donde rey.\nConstitución energía iba grandes cabo parte porque. Nacional dio interior sociales república. Sea salir mujeres oro nuestro papel.",
        "fecha_inicio": "2025-06-18T21:37:13.449",
        "fecha_final": "2025-07-01T21:37:13.449",
        "activo": false,
        "creador": 1,
        "ganador": 4
    }
},
{
    "model": "Concursos_Online.concurso",
    "pk": 6,
    "fields": {
        "nombre": "Premio Juvenil de Pintura",
        "descripcion": "J cuba unidad mejor energía superior. Felipe carlos vida relaciones general hospital.\nLarga pero será trabajadores. Principales respecto libre arte. Amigo razón jamás resulta antes méxico cierto.\nEllas aquellas principio club. Trabajo diciembre momento con existen. Sus principios grado grupos.",
        "fecha_inicio": "2025-09-02T21:37:13.454",
        "fecha_final": "2025-09-16T21:37:13.454",
        "activo": false,
        "creador": 1,
        "ganador": 8
    }
},
{
    "model": "Concursos_Online.concurso",
    "pk": 7,
    "fields": {
        "nombre": "Festival Internacional de Fotografía",
        "descripcion": "Tenía comunicación nombre local dios servicio. Habla cómo problema varias medida día. Don con antes encima noche militares.\nArtículo una viaje estilo posibilidad dijo. Esa sociales últimos. Educación habrá cinco dejó libertad pablo embargo.",
        "fecha_inicio": "2025-11-14T21:37:13.460",
        "fecha_final": "2025-11-29T21:37:13.460",
        "activo": false,
        "creador": 1,
        "ganador": 9
    }
},
{
    "model": "Concursos_Online.trabajo",
    "pk": 1,
    "fields": {
        "participante": 1,
        "concurso": 4,
        "titulo": "Bien todavía puesto desarrollo efectos.",
        "descripcion": "Español ii cuyo mira seis dicho. Fuerzas médico guerra autor hizo.",
        "archivo": "de.pdf",
        "fecha_envio": "2025-12-08T21:37:13.644",
        "puntuacion_promedio": "2.96"
    }
},
{
    "model": "Concursos_Online.trabajo",
    "pk": 2,
    "fields": {
        "participante": 2,
        "concurso": 7,
        "titulo": "Cual partidos.",
        "descripcion": "Caso cambios pasa encuentran tampoco gran embargo. Cuba imagen pasar dice.",
        "archivo": "felipe.pdf",
        "fecha_envio": "2025-12-08T21:37:13.658",
        "puntuacion_promedio": "6.57"
    }
},
{
    "model": "Concursos_Online.trabajo",
    "pk": 3,
    "fields": {
        "participante": 3,
        "concurso": 3,
        "titulo": "Gobierno presente.",
        "descripcion": "Actual precisamente conjunto varios anterior. Aun puede garcía presencia las.",
        "archivo": "productos.pdf",
        "fecha_envio": "2025-12-08T21:37:13.668",
        "puntuacion_promedio": "4.65"
    }
},
{
    "model": "Concursos_Online.trabajo",
    "pk": 4,
    "fields": {
        "participante": 4,
        "concurso": 4,
        "titulo": "Jamás rosa.",
        "descripcion": "Tengo fuerza c actitud debido texto.\nCarne r parece hacerlo. Sin acción además amigo autoridades. Flores animales material manera.",
        "archivo": "precios.pdf",
        "fecha_envio": "2025-12-08T21:37:13.676",
        "puntuacion_promedio": "3.06"
    }
},
{
    "model": "Concursos_Online.trabajo",
    "pk": 5,
    "fields": {
        "participante": 5,
        "concurso": 5,
        "titulo": "Hombres tales sistemas importante nadie.",
        "descripcion": "Sociedad efectos plazo. Supuesto lado etapa. Pasa familia siempre trabajar sólo dicen. Niños a años b dado.",
        "archivo": "total.pdf",
        "fecha_envio": "2025-12-08T21:37:13.686",
        "puntuacion_promedio": "7.63"
    }
},
{
    "model": "Concursos_Online.trabajo",
    "pk": 6,
    "fields": {
        "participante": 6,
        "concurso": 3,
        "titulo": "Viene pesetas policía.",
        "descripcion": "Objeto dicho llegó desde europea. Decía gonzález izquierda él. Civil cerca línea esfuerzo.",
        "archivo": "casa.pdf",
        "fecha_envio": "2025-12-08T21:37:13.694",
        "puntuacion_promedio": "3.15"
    }
},
{
    "model": "Concursos_Online.trabajo",
    "pk": 7,
    "fields": {
        "participante": 7,
        "concurso": 2,
        "titulo": "Figura sistema.",
        "descripcion": "Modo relaciones sigue aparece encuentra nadie voluntad. Segunda espera doctor a.\nFuentes ideas santiago explicó pero. Encontrar existencia mi lo.",
        "archivo": "cierto.pdf",
        "fecha_envio": "2025-12-08T21:37:13.701",
        "puntuacion_promedio": "3.18"
    }
},
{
    "model": "Concursos_Online.trabajo",
    "pk": 8,
    "fields": {
        "participante": 8,
        "concurso": 6,
        "titulo": "Debe hora salud distintos somos.",
        "descripcion": "Dolor pues militares saber iba. Participación dejar siete mi general s les.",
        "archivo": "sabía.pdf",
        "fecha_envio": "2025-12-08T21:37:13.707",
        "puntuacion_promedio": "7.54"
    }
},
{
    "model": "Concursos_Online.trabajo",
    "pk": 9,
    "fields": {
        "participante": 9,
        "concurso": 5,
        "titulo": "Político al.",
        "descripcion": "Político parte generales principales primera. Sus u cuanto relación.",
        "archivo": "rey.pdf",
        "fecha_envio": "2025-12-08T21:37:13.714",
        "puntuacion_promedio": "4.57"
    }
},
{
    "model": "Concursos_Online.trabajo",
    "pk": 10,
    "fields": {
        "participante": 10,
        "concurso": 7,
        "titulo": "Momentos piel piel ve.",
        "descripcion": "Hubo y muestra mujeres mirada. Edad ver embargo derechos.\nAsociación acuerdo salida grandes vio.",
        "archivo": "práctica.pdf",
        "fecha_envio": "2025-12-08T21:37:13.721",
        "puntuacion_promedio": "4.57"
    }
},
{
    "model": "Concursos_Online.inscribe",
    "pk": 1,
    "fields": {
        "participante": 1,
        "concurso": 2,
        "fecha_inscripcion": "2025-12-08T21:37:13.523"
    }
},
{
    "model": "Concursos_Online.inscribe",
    "pk": 2,
    "fields": {
        "participante": 1,
        "concurso": 4,
        "fecha_inscripcion": "2025-12-08T21:37:13.529"
    }
},
{
    "model": "Concursos_Online.inscribe",
    "pk": 3,
    "fields": {
        "participante": 2,
        "concurso": 7,
        "fecha_inscripcion": "2025-12-08T21:37:13.535"
    }
},
{
    "model": "Concursos_Online.inscribe",
    "pk": 4,
    "fields": {
        "participante": 2,
        "concurso": 5,
        "fecha_inscripcion": "2025-12-08T21:37:13.541"
    }
},
{
    "model": "Concursos_Online.inscribe",
    "pk": 5,
    "fields": {
        "participante": 3,
        "concurso": 2,
        "fecha_inscripcion": "2025-12-08T21:37:13.548"
    }
},
{
    "model": "Concursos_Online.inscribe",
    "pk": 6,
    "fields": {
        "participante": 3,
        "concurso": 3,
        "fecha_inscripcion": "2025-12-08T21:37:13.554"
    }
},
{
    "model": "Concursos_Online.inscribe",
    "pk": 7,
    "fields": {
        "participante": 4,
        "concurso": 4,
        "fecha_inscripcion": "2025-12-08T21:37:13.560"
    }
},
{
    "model": "Concursos_Online.inscribe",
    "pk": 8,
    "fields": {
        "participante": 4,
        "concurso": 5,
        "fecha_inscripcion": "2025-12-08T21:37:13.566"
    }
},
{
    "model": "Concursos_Online.inscribe",
    "pk": 9,
    "fields": {
        "participante": 5,
        "concurso": 5,
        "fecha_inscripcion": "2025-12-08T21:37:13.571"
    }
},
{
    "model": "Concursos_Online.inscribe",
    "pk": 10,
    "fields": {
        "participante": 5,
        "concurso": 3,
        "fecha_inscripcion": "2025-12-08T21:37:13.577"
    }
},
{
    "model": "Concursos_Online.inscribe",
    "pk": 11,
    "fields": {
        "participante": 6,
        "concurso": 3,
        "fecha_inscripcion": "2025-12-08T21:37:13.583"
    }
},
{
    "model": "Concursos_Online.inscribe",
    "pk": 12,
    "fields": {
        "participante": 6,
        "concurso": 7,
        "fecha_inscripcion": "2025-12-08T21:37:13.588"
    }
},
{
    "model": "Concursos_Online.inscribe",
    "pk": 13,
    "fields": {
        "participante": 7,
        "concurso": 2,
        "fecha_inscripcion": "2025-12-08T21:37:13.594"
    }
},
{
    "model": "Concursos_Online.inscribe",
    "pk": 14,
    "fields": {
        "participante": 7,
        "concurso": 1,
        "fecha_inscripcion": "2025-12-08T21:37:13.599"
    }
},
{
    "model": "Concursos_Online.inscribe",
    "pk": 15,
    "fields": {
        "participante": 8,
        "concurso": 6,
        "fecha_inscripcion": "2025-12-08T21:37:13.605"
    }
},
{
    "model": "Concursos_Online.inscribe",
    "pk": 16,
    "fields": {
        "participante": 8,
        "concurso": 3,
        "fecha_inscripcion": "2025-12-08T21:37:13.610"
    }
},
{
    "model": "Concursos_Online.inscribe",
    "pk": 17,
    "fields": {
        "participante": 9,
        "concurso": 7,
        "fecha_inscripcion": "2025-12-08T21:37:13.616"
    }
},
{
    "model": "Concursos_Online.inscribe",
    "pk": 18,
    "fields": {
        "participante": 9,
        "concurso": 5,
        "fecha_inscripcion": "2025-12-08T21:37:13.622"
    }
},
{
    "model": "Concursos_Online.inscribe",
    "pk": 19,
    "fields": {
        "participante": 10,
        "concurso": 5,
        "fecha_inscripcion": "2025-12-08T21:37:13.628"
    }
},
{
    "model": "Concursos_Online.inscribe",
    "pk": 20,
    "fields": {
        "participante": 10,
        "concurso": 7,
        "fecha_inscripcion": "2025-12-08T21:37:13.633"
    }
},
{
    "model": "Concursos_Online.asigna",
    "pk": 1,
    "fields": {
        "jurado": 1,
        "concurso": 6,
        "fecha_asignacion": "2025-12-08T21:37:13.466",
        "activo": true
    }
},
{
    "model": "Concursos_Online.asigna",
    "pk": 2,
    "fields": {
        "jurado": 1,
        "concurso": 4,
        "fecha_asignacion": "2025-12-08T21:37:13.471",
        "activo": true
    }
},
{
    "model": "Concursos_Online.asigna",
    "pk": 3,
    "fields": {
        "jurado": 2,
        "concurso": 4,
        "fecha_asignacion": "2025-12-08T21:37:13.477",
        "activo": true
    }
},
{
    "model": "Concursos_Online.asigna",
    "pk": 4,
    "fields": {
        "jurado": 2,
        "concurso": 7,
        "fecha_asignacion": "2025-12-08T21:37:13.482",
        "activo": true
    }
},
{
    "model": "Concursos_Online.asigna",
    "pk": 5,
    "fields": {
        "jurado": 3,
        "concurso": 1,
        "fecha_asignacion": "2025-12-08T21:37:13.489",
        "activo": true
    }
},
{
    "model": "Concursos_Online.asigna",
    "pk": 6,
    "fields": {
        "jurado": 3,
        "concurso": 7,
        "fecha_asignacion": "2025-12-08T21:37:13.495",
        "activo": true
    }
},
{
    "model": "Concursos_Online.asigna",
    "pk": 7,
    "fields": {
        "jurado": 4,
        "concurso": 6,
        "fecha_asignacion": "2025-12-08T21:37:13.501",
        "activo": true
    }
},
{
    "model": "Concursos_Online.asigna",
    "pk": 8,
    "fields": {
        "jurado": 4,
        "concurso": 3,
        "fecha_asignacion": "2025-12-08T21:37:13.507",
        "activo": true
    }
},
{
    "model": "Concursos_Online.asigna",
    "pk": 9,
    "fields": {
        "jurado": 5,
        "concurso": 3,
        "fecha_asignacion": "2025-12-08T21:37:13.512",
        "activo": true
    }
},
{
    "model": "Concursos_Online.asigna",
    "pk": 10,
    "fields": {
        "jurado": 5,
        "concurso": 4,
        "fecha_asignacion": "2025-12-08T21:37:13.517",
        "activo": true
    }
},
{
    "model": "Concursos_Online.evaluacion",
    "pk": 1,
    "fields": {
        "jurado": 1,
        "trabajo": 1,
        "puntuacion": "3.74",
        "comentario": "Alguna dio grandes muy. Personal donde vida cámara. Primeras ante elementos jorge.",
        "fecha_evaluacion": "2025-12-08T21:37:13.728"
    }
},
{
    "model": "Concursos_Online.evaluacion",
    "pk": 2,
    "fields": {
        "jurado": 2,
        "trabajo": 1,
        "puntuacion": "3.80",
        "comentario": "Llama presenta consecuencia unidos. Podemos hechos viaje ley.",
        "fecha_evaluacion": "2025-12-08T21:37:13.734"
    }
},
{
    "model": "Concursos_Online.evaluacion",
    "pk": 3,
    "fields": {
        "jurado": 5,
        "trabajo": 1,
        "puntuacion": "1.71",
        "comentario": "Quién sabe políticos nuestra pp. Miguel tú hacia estados humana.",
        "fecha_evaluacion": "2025-12-08T21:37:13.740"
    }
},
{
    "model": "Concursos_Online.evaluacion",
    "pk": 4,
    "fields": {
        "jurado": 2,
        "trabajo": 2,
        "puntuacion": "5.13",
        "comentario": "He otros madrid muy dolor aquí bajo. Todas luis semanas lucha jamás título.",
        "fecha_evaluacion": "2025-12-08T21:37:13.746"
    }
},
{
    "model": "Concursos_Online.evaluacion",
    "pk": 5,
    "fields": {
        "jurado": 3,
        "trabajo": 2,
        "puntuacion": "9.69",
        "comentario": "Máximo unos esto ella.\nAntonio lleva asociación. Humano otro cuatro ser puntos.",
        "fecha_evaluacion": "2025-12-08T21:37:13.752"
    }
},
{
    "model": "Concursos_Online.evaluacion",
    "pk": 6,
    "fields": {
        "jurado": 4,
        "trabajo": 3,
        "puntuacion": "8.75",
        "comentario": "Popular práctica ciento estar mayores esa. Acerca cuales libros título.",
        "fecha_evaluacion": "2025-12-08T21:37:13.760"
    }
},
{
    "model": "Concursos_Online.evaluacion",
    "pk": 7,
    "fields": {
        "jurado": 5,
        "trabajo": 3,
        "puntuacion": "4.93",
        "comentario": "Busca desarrollo plan cuando nos. Fueron presencia aspecto. Zonas medidas favor ejército salida.",
        "fecha_evaluacion": "2025-12-08T21:37:13.765"
    }
},
{
    "model": "Concursos_Online.evaluacion",
    "pk": 8,
    "fields": {
        "jurado": 1,
        "trabajo": 4,
        "puntuacion": "0.07",
        "comentario": "Memoria derechos serán algunas toma bien favor.\nRecuerdo algunos grandes marcha.",
        "fecha_evaluacion": "2025-12-08T21:37:13.771"
    }
},
{
    "model": "Concursos_Online.evaluacion",
    "pk": 9,
    "fields": {
        "jurado": 2,
        "trabajo": 4,
        "puntuacion": "8.47",
        "comentario": "Actividades esta pie además. Cinco riesgo grandes todos niños blanca hijo.",
        "fecha_evaluacion": "2025-12-08T21:37:13.777"
    }
},
{
    "model": "Concursos_Online.evaluacion",
    "pk": 10,
    "fields": {
        "jurado": 5,
        "trabajo": 4,
        "puntuacion": "7.10",
        "comentario": "Explicó tipo pesar.\nFondo tratamiento permite habla grado acuerdo todo.",
        "fecha_evaluacion": "2025-12-08T21:37:13.783"
    }
},
{
    "model": "Concursos_Online.evaluacion",
    "pk": 11,
    "fields": {
        "jurado": 4,
        "trabajo": 6,
        "puntuacion": "1.76",
        "comentario": "Producto señor puede carácter puntos teatro metros. Habían cual carlos felipe año.",
        "fecha_evaluacion": "2025-12-08T21:37:13.790"
    }
},
{
    "model": "Concursos_Online.evaluacion",
    "pk": 12,
    "fields": {
        "jurado": 5,
        "trabajo": 6,
        "puntuacion": "2.51",
        "comentario": "Muerto ello segunda todos película j instituto. José río garcía segunda.",
        "fecha_evaluacion": "2025-12-08T21:37:13.796"
    }
},
{
    "model": "Concursos_Online.evaluacion",
    "pk": 13,
    "fields": {
        "jurado": 1,
        "trabajo": 8,
        "puntuacion": "8.05",
        "comentario": "Argentina doctor equipo operación. Casa podía población abril pueden la.",
        "fecha_evaluacion": "2025-12-08T21:37:13.803"
    }
},
{
    "model": "Concursos_Online.evaluacion",
    "pk": 14,
    "fields": {
        "jurado": 4,
        "trabajo": 8,
        "puntuacion": "1.89",
        "comentario": "Pedro partes comercio cosas allá. Queda aquí luis. Señora pie proyectos república régimen memoria.",
        "fecha_evaluacion": "2025-12-08T21:37:13.809"
    }
},
{
    "model": "Concursos_Online.evaluacion",
    "pk": 15,
    "fields": {
        "jurado": 2,
        "trabajo": 10,
        "puntuacion": "7.26",
        "comentario": "Tengo crisis gran. Tipos informe queda sentido etapa padre acciones antes.",
        "fecha_evaluacion": "2025-12-08T21:37:13.816"
    }
},
{
    "model": "Concursos_Online.evaluacion",
    "pk": 16,
    "fields": {
        "jurado": 3,
        "trabajo": 10,
        "puntuacion": "0.47",
        "comentario": "De revolución origen pues. Carta fecha diez españoles duda larga visto.",
        "fecha_evaluacion": "2025-12-08T21:37:13.822"
    }
}
]
